experiment_id,seed,panel_id,scenario,method,intervention,washout_batches,n,disagreement,accuracy_ab,accuracy_ba,signed_error_gap,absolute_error_gap,nll_gap,brier_gap,first_batch_max_logit_diff
stage_a_uci_v1,17,uci_internal_fixed,noise_brightness_to_blur,source,none,0,512,0.0,0.75390625,0.75390625,0.0,0.0,0.0,0.0,0.0
stage_a_uci_v1,17,uci_internal_fixed,noise_brightness_to_blur,source,all,0,512,0.0,0.75390625,0.75390625,0.0,0.0,0.0,0.0,0.0
stage_a_uci_v1,17,uci_internal_fixed,noise_brightness_to_blur,source,none,4,512,0.0,0.75390625,0.75390625,0.0,0.0,0.0,0.0,0.0
stage_a_uci_v1,17,uci_internal_fixed,noise_brightness_to_blur,source,all,4,512,0.0,0.75390625,0.75390625,0.0,0.0,0.0,0.0,0.0
stage_a_uci_v1,17,uci_internal_fixed,noise_brightness_to_blur,norm,none,0,512,0.0,0.734375,0.734375,0.0,0.0,0.0,0.0,0.0
stage_a_uci_v1,17,uci_internal_fixed,noise_brightness_to_blur,norm,all,0,512,0.0,0.734375,0.734375,0.0,0.0,0.0,0.0,0.0
stage_a_uci_v1,17,uci_internal_fixed,noise_brightness_to_blur,norm,none,4,512,0.0,0.734375,0.734375,0.0,0.0,0.0,0.0,0.0
stage_a_uci_v1,17,uci_internal_fixed,noise_brightness_to_blur,norm,all,4,512,0.0,0.734375,0.734375,0.0,0.0,0.0,0.0,0.0
stage_a_uci_v1,17,uci_internal_fixed,noise_brightness_to_blur,tent,none,0,512,0.001953125,0.73828125,0.736328125,-0.001953125,0.001953125,-4.975853952560172e-05,-3.0470868175480614e-05,0.0057353973388671875
stage_a_uci_v1,17,uci_internal_fixed,noise_brightness_to_blur,tent,parameters,0,512,0.0,0.736328125,0.736328125,0.0,0.0,3.9438558449456096e-05,2.967160243522171e-05,0.0
stage_a_uci_v1,17,uci_internal_fixed,noise_brightness_to_blur,tent,optimizer,0,512,0.001953125,0.73828125,0.736328125,-0.001953125,0.001953125,-9.56417951820665e-05,-6.201753014328792e-05,0.0057353973388671875
stage_a_uci_v1,17,uci_internal_fixed,noise_brightness_to_blur,tent,parameters_optimizer,0,512,0.0,0.736328125,0.736328125,0.0,0.0,0.0,0.0,0.0
stage_a_uci_v1,17,uci_internal_fixed,noise_brightness_to_blur,tent,aux,0,512,0.001953125,0.73828125,0.736328125,-0.001953125,0.001953125,-4.975853952560172e-05,-3.0470868175480614e-05,0.0057353973388671875
stage_a_uci_v1,17,uci_internal_fixed,noise_brightness_to_blur,tent,parameters_aux,0,512,0.0,0.736328125,0.736328125,0.0,0.0,3.9438558449456096e-05,2.967160243522171e-05,0.0
stage_a_uci_v1,17,uci_internal_fixed,noise_brightness_to_blur,tent,optimizer_aux,0,512,0.001953125,0.73828125,0.736328125,-0.001953125,0.001953125,-9.56417951820665e-05,-6.201753014328792e-05,0.0057353973388671875
stage_a_uci_v1,17,uci_internal_fixed,noise_brightness_to_blur,tent,parameters_optimizer_aux,0,512,0.0,0.736328125,0.736328125,0.0,0.0,0.0,0.0,0.0
stage_a_uci_v1,17,uci_internal_fixed,noise_brightness_to_blur,tent,all,0,512,0.0,0.736328125,0.736328125,0.0,0.0,0.0,0.0,0.0
stage_a_uci_v1,17,uci_internal_fixed,noise_brightness_to_blur,tent,none,4,512,0.0,0.740234375,0.740234375,0.0,0.0,-3.618395152082954e-05,-2.077405519568254e-05,0.003780364990234375
stage_a_uci_v1,17,uci_internal_fixed,noise_brightness_to_blur,tent,parameters,4,512,0.0,0.736328125,0.736328125,0.0,0.0,2.424248787791239e-05,1.916995892764506e-05,0.0
stage_a_uci_v1,17,uci_internal_fixed,noise_brightness_to_blur,tent,optimizer,4,512,0.0,0.740234375,0.740234375,0.0,0.0,-6.206332886538046e-05,-4.020945708416157e-05,0.003780364990234375
stage_a_uci_v1,17,uci_internal_fixed,noise_brightness_to_blur,tent,parameters_optimizer,4,512,0.0,0.736328125,0.736328125,0.0,0.0,0.0,0.0,0.0
stage_a_uci_v1,17,uci_internal_fixed,noise_brightness_to_blur,tent,aux,4,512,0.0,0.740234375,0.740234375,0.0,0.0,-3.618395152082954e-05,-2.077405519568254e-05,0.003780364990234375
stage_a_uci_v1,17,uci_internal_fixed,noise_brightness_to_blur,tent,parameters_aux,4,512,0.0,0.736328125,0.736328125,0.0,0.0,2.424248787791239e-05,1.916995892764506e-05,0.0
stage_a_uci_v1,17,uci_internal_fixed,noise_brightness_to_blur,tent,optimizer_aux,4,512,0.0,0.740234375,0.740234375,0.0,0.0,-6.206332886538046e-05,-4.020945708416157e-05,0.003780364990234375
stage_a_uci_v1,17,uci_internal_fixed,noise_brightness_to_blur,tent,parameters_optimizer_aux,4,512,0.0,0.736328125,0.736328125,0.0,0.0,0.0,0.0,0.0
stage_a_uci_v1,17,uci_internal_fixed,noise_brightness_to_blur,tent,all,4,512,0.0,0.736328125,0.736328125,0.0,0.0,0.0,0.0,0.0
stage_a_uci_v1,17,uci_internal_fixed,noise_brightness_to_blur,sar_complete,none,0,512,0.0,0.734375,0.734375,0.0,0.0,0.00031622598659275525,8.114869666664415e-05,0.0
stage_a_uci_v1,17,uci_internal_fixed,noise_brightness_to_blur,sar_complete,parameters,0,512,0.0,0.734375,0.734375,0.0,0.0,0.00031622598659275525,8.114869666664415e-05,0.0
stage_a_uci_v1,17,uci_internal_fixed,noise_brightness_to_blur,sar_complete,optimizer,0,512,0.0,0.734375,0.734375,0.0,0.0,0.00031622598659275525,8.114869666664415e-05,0.0
stage_a_uci_v1,17,uci_internal_fixed,noise_brightness_to_blur,sar_complete,parameters_optimizer,0,512,0.0,0.734375,0.734375,0.0,0.0,0.00031622598659275525,8.114869666664415e-05,0.0
stage_a_uci_v1,17,uci_internal_fixed,noise_brightness_to_blur,sar_complete,aux,0,512,0.0,0.736328125,0.736328125,0.0,0.0,0.0,0.0,0.0
stage_a_uci_v1,17,uci_internal_fixed,noise_brightness_to_blur,sar_complete,parameters_aux,0,512,0.0,0.736328125,0.736328125,0.0,0.0,0.0,0.0,0.0
stage_a_uci_v1,17,uci_internal_fixed,noise_brightness_to_blur,sar_complete,optimizer_aux,0,512,0.0,0.736328125,0.736328125,0.0,0.0,0.0,0.0,0.0
stage_a_uci_v1,17,uci_internal_fixed,noise_brightness_to_blur,sar_complete,parameters_optimizer_aux,0,512,0.0,0.736328125,0.736328125,0.0,0.0,0.0,0.0,0.0
stage_a_uci_v1,17,uci_internal_fixed,noise_brightness_to_blur,sar_complete,all,0,512,0.0,0.736328125,0.736328125,0.0,0.0,0.0,0.0,0.0
stage_a_uci_v1,17,uci_internal_fixed,noise_brightness_to_blur,sar_complete,none,4,512,0.001953125,0.734375,0.736328125,0.001953125,0.001953125,-0.00017524030665272416,-2.96863344805276e-05,0.0
stage_a_uci_v1,17,uci_internal_fixed,noise_brightness_to_blur,sar_complete,parameters,4,512,0.001953125,0.734375,0.736328125,0.001953125,0.001953125,-0.00017524030665272416,-2.96863344805276e-05,0.0
stage_a_uci_v1,17,uci_internal_fixed,noise_brightness_to_blur,sar_complete,optimizer,4,512,0.001953125,0.734375,0.736328125,0.001953125,0.001953125,-0.00017524030665272416,-2.96863344805276e-05,0.0
stage_a_uci_v1,17,uci_internal_fixed,noise_brightness_to_blur,sar_complete,parameters_optimizer,4,512,0.001953125,0.734375,0.736328125,0.001953125,0.001953125,-0.00017524030665272416,-2.96863344805276e-05,0.0
stage_a_uci_v1,17,uci_internal_fixed,noise_brightness_to_blur,sar_complete,aux,4,512,0.0,0.736328125,0.736328125,0.0,0.0,0.0,0.0,0.0
stage_a_uci_v1,17,uci_internal_fixed,noise_brightness_to_blur,sar_complete,parameters_aux,4,512,0.0,0.736328125,0.736328125,0.0,0.0,0.0,0.0,0.0
stage_a_uci_v1,17,uci_internal_fixed,noise_brightness_to_blur,sar_complete,optimizer_aux,4,512,0.0,0.736328125,0.736328125,0.0,0.0,0.0,0.0,0.0
stage_a_uci_v1,17,uci_internal_fixed,noise_brightness_to_blur,sar_complete,parameters_optimizer_aux,4,512,0.0,0.736328125,0.736328125,0.0,0.0,0.0,0.0,0.0
stage_a_uci_v1,17,uci_internal_fixed,noise_brightness_to_blur,sar_complete,all,4,512,0.0,0.736328125,0.736328125,0.0,0.0,0.0,0.0,0.0
stage_a_uci_v1,17,uci_internal_fixed,blur_noise_to_clean,source,none,0,512,0.0,0.982421875,0.982421875,0.0,0.0,0.0,0.0,0.0
stage_a_uci_v1,17,uci_internal_fixed,blur_noise_to_clean,source,all,0,512,0.0,0.982421875,0.982421875,0.0,0.0,0.0,0.0,0.0
stage_a_uci_v1,17,uci_internal_fixed,blur_noise_to_clean,source,none,4,512,0.0,0.982421875,0.982421875,0.0,0.0,0.0,0.0,0.0
stage_a_uci_v1,17,uci_internal_fixed,blur_noise_to_clean,source,all,4,512,0.0,0.982421875,0.982421875,0.0,0.0,0.0,0.0,0.0
stage_a_uci_v1,17,uci_internal_fixed,blur_noise_to_clean,norm,none,0,512,0.0,0.982421875,0.982421875,0.0,0.0,0.0,0.0,0.0
stage_a_uci_v1,17,uci_internal_fixed,blur_noise_to_clean,norm,all,0,512,0.0,0.982421875,0.982421875,0.0,0.0,0.0,0.0,0.0
stage_a_uci_v1,17,uci_internal_fixed,blur_noise_to_clean,norm,none,4,512,0.0,0.982421875,0.982421875,0.0,0.0,0.0,0.0,0.0
stage_a_uci_v1,17,uci_internal_fixed,blur_noise_to_clean,norm,all,4,512,0.0,0.982421875,0.982421875,0.0,0.0,0.0,0.0,0.0
stage_a_uci_v1,17,uci_internal_fixed,blur_noise_to_clean,tent,none,0,512,0.0,0.982421875,0.982421875,0.0,0.0,3.859059597245695e-06,2.5926855812853644e-06,0.009547233581542969
stage_a_uci_v1,17,uci_internal_fixed,blur_noise_to_clean,tent,parameters,0,512,0.0,0.982421875,0.982421875,0.0,0.0,-1.246868226944392e-05,-3.787206828240186e-06,0.0
stage_a_uci_v1,17,uci_internal_fixed,blur_noise_to_clean,tent,optimizer,0,512,0.0,0.982421875,0.982421875,0.0,0.0,1.650522530852183e-05,6.5310444139835e-06,0.009547233581542969
stage_a_uci_v1,17,uci_internal_fixed,blur_noise_to_clean,tent,parameters_optimizer,0,512,0.0,0.982421875,0.982421875,0.0,0.0,0.0,0.0,0.0
stage_a_uci_v1,17,uci_internal_fixed,blur_noise_to_clean,tent,aux,0,512,0.0,0.982421875,0.982421875,0.0,0.0,3.859059597245695e-06,2.5926855812853644e-06,0.009547233581542969
stage_a_uci_v1,17,uci_internal_fixed,blur_noise_to_clean,tent,parameters_aux,0,512,0.0,0.982421875,0.982421875,0.0,0.0,-1.246868226944392e-05,-3.787206828240186e-06,0.0
stage_a_uci_v1,17,uci_internal_fixed,blur_noise_to_clean,tent,optimizer_aux,0,512,0.0,0.982421875,0.982421875,0.0,0.0,1.650522530852183e-05,6.5310444139835e-06,0.009547233581542969
stage_a_uci_v1,17,uci_internal_fixed,blur_noise_to_clean,tent,parameters_optimizer_aux,0,512,0.0,0.982421875,0.982421875,0.0,0.0,0.0,0.0,0.0
stage_a_uci_v1,17,uci_internal_fixed,blur_noise_to_clean,tent,all,0,512,0.0,0.982421875,0.982421875,0.0,0.0,0.0,0.0,0.0
stage_a_uci_v1,17,uci_internal_fixed,blur_noise_to_clean,tent,none,4,512,0.0,0.982421875,0.982421875,0.0,0.0,2.2615809056880654e-06,1.6610163920752208e-06,0.006224155426025391
stage_a_uci_v1,17,uci_internal_fixed,blur_noise_to_clean,tent,parameters,4,512,0.0,0.982421875,0.982421875,0.0,0.0,-8.142108028998118e-06,-2.465618647660983e-06,0.0
stage_a_uci_v1,17,uci_internal_fixed,blur_noise_to_clean,tent,optimizer,4,512,0.0,0.982421875,0.982421875,0.0,0.0,1.0494653356382666e-05,4.197842575746208e-06,0.006224155426025391
stage_a_uci_v1,17,uci_internal_fixed,blur_noise_to_clean,tent,parameters_optimizer,4,512,0.0,0.982421875,0.982421875,0.0,0.0,0.0,0.0,0.0
stage_a_uci_v1,17,uci_internal_fixed,blur_noise_to_clean,tent,aux,4,512,0.0,0.982421875,0.982421875,0.0,0.0,2.2615809056880654e-06,1.6610163920752208e-06,0.006224155426025391
stage_a_uci_v1,17,uci_internal_fixed,blur_noise_to_clean,tent,parameters_aux,4,512,0.0,0.982421875,0.982421875,0.0,0.0,-8.142108028998118e-06,-2.465618647660983e-06,0.0
stage_a_uci_v1,17,uci_internal_fixed,blur_noise_to_clean,tent,optimizer_aux,4,512,0.0,0.982421875,0.982421875,0.0,0.0,1.0494653356382666e-05,4.197842575746208e-06,0.006224155426025391
stage_a_uci_v1,17,uci_internal_fixed,blur_noise_to_clean,tent,parameters_optimizer_aux,4,512,0.0,0.982421875,0.982421875,0.0,0.0,0.0,0.0,0.0
stage_a_uci_v1,17,uci_internal_fixed,blur_noise_to_clean,tent,all,4,512,0.0,0.982421875,0.982421875,0.0,0.0,0.0,0.0,0.0
stage_a_uci_v1,17,uci_internal_fixed,blur_noise_to_clean,sar_complete,none,0,512,0.0,0.982421875,0.982421875,0.0,0.0,-2.5838126437721654e-07,3.14573750832825e-08,0.0211029052734375
stage_a_uci_v1,17,uci_internal_fixed,blur_noise_to_clean,sar_complete,parameters,0,512,0.0,0.982421875,0.982421875,0.0,0.0,7.525422474063959e-08,5.1903074834575014e-08,0.0
stage_a_uci_v1,17,uci_internal_fixed,blur_noise_to_clean,sar_complete,optimizer,0,512,0.0,0.982421875,0.982421875,0.0,0.0,-3.6845998765272503e-07,-3.474993365282231e-08,0.0211029052734375
stage_a_uci_v1,17,uci_internal_fixed,blur_noise_to_clean,sar_complete,parameters_optimizer,0,512,0.0,0.982421875,0.982421875,0.0,0.0,-4.338200499526268e-08,-1.9380417701220232e-08,0.0
stage_a_uci_v1,17,uci_internal_fixed,blur_noise_to_clean,sar_complete,aux,0,512,0.0,0.982421875,0.982421875,0.0,0.0,-1.4778134779444563e-06,-6.134819882652742e-07,0.0211029052734375
stage_a_uci_v1,17,uci_internal_fixed,blur_noise_to_clean,sar_complete,parameters_aux,0,512,0.0,0.982421875,0.982421875,0.0,0.0,0.0,0.0,0.0
stage_a_uci_v1,17,uci_internal_fixed,blur_noise_to_clean,sar_complete,optimizer_aux,0,512,0.0,0.982421875,0.982421875,0.0,0.0,-1.4778134779444563e-06,-6.134819882652742e-07,0.0211029052734375
stage_a_uci_v1,17,uci_internal_fixed,blur_noise_to_clean,sar_complete,parameters_optimizer_aux,0,512,0.0,0.982421875,0.982421875,0.0,0.0,0.0,0.0,0.0
stage_a_uci_v1,17,uci_internal_fixed,blur_noise_to_clean,sar_complete,all,0,512,0.0,0.982421875,0.982421875,0.0,0.0,0.0,0.0,0.0
stage_a_uci_v1,17,uci_internal_fixed,blur_noise_to_clean,sar_complete,none,4,512,0.0,0.982421875,0.982421875,0.0,0.0,0.0,0.0,0.0
stage_a_uci_v1,17,uci_internal_fixed,blur_noise_to_clean,sar_complete,parameters,4,512,0.0,0.982421875,0.982421875,0.0,0.0,0.0,0.0,0.0
stage_a_uci_v1,17,uci_internal_fixed,blur_noise_to_clean,sar_complete,optimizer,4,512,0.0,0.982421875,0.982421875,0.0,0.0,0.0,0.0,0.0
stage_a_uci_v1,17,uci_internal_fixed,blur_noise_to_clean,sar_complete,parameters_optimizer,4,512,0.0,0.982421875,0.982421875,0.0,0.0,0.0,0.0,0.0
stage_a_uci_v1,17,uci_internal_fixed,blur_noise_to_clean,sar_complete,aux,4,512,0.0,0.982421875,0.982421875,0.0,0.0,0.0,0.0,0.0
stage_a_uci_v1,17,uci_internal_fixed,blur_noise_to_clean,sar_complete,parameters_aux,4,512,0.0,0.982421875,0.982421875,0.0,0.0,0.0,0.0,0.0
stage_a_uci_v1,17,uci_internal_fixed,blur_noise_to_clean,sar_complete,optimizer_aux,4,512,0.0,0.982421875,0.982421875,0.0,0.0,0.0,0.0,0.0
stage_a_uci_v1,17,uci_internal_fixed,blur_noise_to_clean,sar_complete,parameters_optimizer_aux,4,512,0.0,0.982421875,0.982421875,0.0,0.0,0.0,0.0,0.0
stage_a_uci_v1,17,uci_internal_fixed,blur_noise_to_clean,sar_complete,all,4,512,0.0,0.982421875,0.982421875,0.0,0.0,0.0,0.0,0.0
stage_a_uci_v1,29,uci_internal_fixed,noise_brightness_to_blur,source,none,0,512,0.0,0.70703125,0.70703125,0.0,0.0,0.0,0.0,0.0
stage_a_uci_v1,29,uci_internal_fixed,noise_brightness_to_blur,source,all,0,512,0.0,0.70703125,0.70703125,0.0,0.0,0.0,0.0,0.0
stage_a_uci_v1,29,uci_internal_fixed,noise_brightness_to_blur,source,none,4,512,0.0,0.70703125,0.70703125,0.0,0.0,0.0,0.0,0.0
stage_a_uci_v1,29,uci_internal_fixed,noise_brightness_to_blur,source,all,4,512,0.0,0.70703125,0.70703125,0.0,0.0,0.0,0.0,0.0
stage_a_uci_v1,29,uci_internal_fixed,noise_brightness_to_blur,norm,none,0,512,0.0,0.708984375,0.708984375,0.0,0.0,0.0,0.0,0.0
stage_a_uci_v1,29,uci_internal_fixed,noise_brightness_to_blur,norm,all,0,512,0.0,0.708984375,0.708984375,0.0,0.0,0.0,0.0,0.0
stage_a_uci_v1,29,uci_internal_fixed,noise_brightness_to_blur,norm,none,4,512,0.0,0.708984375,0.708984375,0.0,0.0,0.0,0.0,0.0
stage_a_uci_v1,29,uci_internal_fixed,noise_brightness_to_blur,norm,all,4,512,0.0,0.708984375,0.708984375,0.0,0.0,0.0,0.0,0.0
stage_a_uci_v1,29,uci_internal_fixed,noise_brightness_to_blur,tent,none,0,512,0.0,0.708984375,0.708984375,0.0,0.0,4.95959864263984e-05,-9.638019644153673e-06,0.006625175476074219
stage_a_uci_v1,29,uci_internal_fixed,noise_brightness_to_blur,tent,parameters,0,512,0.0,0.708984375,0.708984375,0.0,0.0,-3.6816484074719824e-05,1.4429671768623198e-05,0.0
stage_a_uci_v1,29,uci_internal_fixed,noise_brightness_to_blur,tent,optimizer,0,512,0.0,0.708984375,0.708984375,0.0,0.0,9.04681261297835e-05,-2.3312672555897418e-05,0.006625175476074219
stage_a_uci_v1,29,uci_internal_fixed,noise_brightness_to_blur,tent,parameters_optimizer,0,512,0.0,0.708984375,0.708984375,0.0,0.0,0.0,0.0,0.0
stage_a_uci_v1,29,uci_internal_fixed,noise_brightness_to_blur,tent,aux,0,512,0.0,0.708984375,0.708984375,0.0,0.0,4.95959864263984e-05,-9.638019644153673e-06,0.006625175476074219
stage_a_uci_v1,29,uci_internal_fixed,noise_brightness_to_blur,tent,parameters_aux,0,512,0.0,0.708984375,0.708984375,0.0,0.0,-3.6816484074719824e-05,1.4429671768623198e-05,0.0
stage_a_uci_v1,29,uci_internal_fixed,noise_brightness_to_blur,tent,optimizer_aux,0,512,0.0,0.708984375,0.708984375,0.0,0.0,9.04681261297835e-05,-2.3312672555897418e-05,0.006625175476074219
stage_a_uci_v1,29,uci_internal_fixed,noise_brightness_to_blur,tent,parameters_optimizer_aux,0,512,0.0,0.708984375,0.708984375,0.0,0.0,0.0,0.0,0.0
stage_a_uci_v1,29,uci_internal_fixed,noise_brightness_to_blur,tent,all,0,512,0.0,0.708984375,0.708984375,0.0,0.0,0.0,0.0,0.0
stage_a_uci_v1,29,uci_internal_fixed,noise_brightness_to_blur,tent,none,4,512,0.0,0.708984375,0.708984375,0.0,0.0,3.825905648491279e-05,-4.3457107210542745e-06,0.004324913024902344
stage_a_uci_v1,29,uci_internal_fixed,noise_brightness_to_blur,tent,parameters,4,512,0.0,0.708984375,0.708984375,0.0,0.0,-1.828604706566317e-05,1.1532059303598352e-05,0.0
stage_a_uci_v1,29,uci_internal_fixed,noise_brightness_to_blur,tent,optimizer,4,512,0.0,0.708984375,0.708984375,0.0,0.0,6.035382420011004e-05,-1.4688363322967746e-05,0.004324913024902344
stage_a_uci_v1,29,uci_internal_fixed,noise_brightness_to_blur,tent,parameters_optimizer,4,512,0.0,0.708984375,0.708984375,0.0,0.0,0.0,0.0,0.0
stage_a_uci_v1,29,uci_internal_fixed,noise_brightness_to_blur,tent,aux,4,512,0.0,0.708984375,0.708984375,0.0,0.0,3.825905648491279e-05,-4.3457107210542745e-06,0.004324913024902344
stage_a_uci_v1,29,uci_internal_fixed,noise_brightness_to_blur,tent,parameters_aux,4,512,0.0,0.708984375,0.708984375,0.0,0.0,-1.828604706566317e-05,1.1532059303598352e-05,0.0
stage_a_uci_v1,29,uci_internal_fixed,noise_brightness_to_blur,tent,optimizer_aux,4,512,0.0,0.708984375,0.708984375,0.0,0.0,6.035382420011004e-05,-1.4688363322967746e-05,0.004324913024902344
stage_a_uci_v1,29,uci_internal_fixed,noise_brightness_to_blur,tent,parameters_optimizer_aux,4,512,0.0,0.708984375,0.708984375,0.0,0.0,0.0,0.0,0.0
stage_a_uci_v1,29,uci_internal_fixed,noise_brightness_to_blur,tent,all,4,512,0.0,0.708984375,0.708984375,0.0,0.0,0.0,0.0,0.0
stage_a_uci_v1,29,uci_internal_fixed,noise_brightness_to_blur,sar_complete,none,0,512,0.0,0.708984375,0.708984375,0.0,0.0,-9.88722921535512e-06,-2.07103694416233e-06,0.0
stage_a_uci_v1,29,uci_internal_fixed,noise_brightness_to_blur,sar_complete,parameters,0,512,0.0,0.708984375,0.708984375,0.0,0.0,-9.88722921535512e-06,-2.07103694416233e-06,0.0
stage_a_uci_v1,29,uci_internal_fixed,noise_brightness_to_blur,sar_complete,optimizer,0,512,0.0,0.708984375,0.708984375,0.0,0.0,-9.88722921535512e-06,-2.07103694416233e-06,0.0
stage_a_uci_v1,29,uci_internal_fixed,noise_brightness_to_blur,sar_complete,parameters_optimizer,0,512,0.0,0.708984375,0.708984375,0.0,0.0,-9.88722921535512e-06,-2.07103694416233e-06,0.0
stage_a_uci_v1,29,uci_internal_fixed,noise_brightness_to_blur,sar_complete,aux,0,512,0.0,0.708984375,0.708984375,0.0,0.0,0.0,0.0,0.0
stage_a_uci_v1,29,uci_internal_fixed,noise_brightness_to_blur,sar_complete,parameters_aux,0,512,0.0,0.708984375,0.708984375,0.0,0.0,0.0,0.0,0.0
stage_a_uci_v1,29,uci_internal_fixed,noise_brightness_to_blur,sar_complete,optimizer_aux,0,512,0.0,0.708984375,0.708984375,0.0,0.0,0.0,0.0,0.0
stage_a_uci_v1,29,uci_internal_fixed,noise_brightness_to_blur,sar_complete,parameters_optimizer_aux,0,512,0.0,0.708984375,0.708984375,0.0,0.0,0.0,0.0,0.0
stage_a_uci_v1,29,uci_internal_fixed,noise_brightness_to_blur,sar_complete,all,0,512,0.0,0.708984375,0.708984375,0.0,0.0,0.0,0.0,0.0
stage_a_uci_v1,29,uci_internal_fixed,noise_brightness_to_blur,sar_complete,none,4,512,0.0,0.708984375,0.708984375,0.0,0.0,0.0,0.0,0.0
stage_a_uci_v1,29,uci_internal_fixed,noise_brightness_to_blur,sar_complete,parameters,4,512,0.0,0.708984375,0.708984375,0.0,0.0,0.0,0.0,0.0
stage_a_uci_v1,29,uci_internal_fixed,noise_brightness_to_blur,sar_complete,optimizer,4,512,0.0,0.708984375,0.708984375,0.0,0.0,0.0,0.0,0.0
stage_a_uci_v1,29,uci_internal_fixed,noise_brightness_to_blur,sar_complete,parameters_optimizer,4,512,0.0,0.708984375,0.708984375,0.0,0.0,0.0,0.0,0.0
stage_a_uci_v1,29,uci_internal_fixed,noise_brightness_to_blur,sar_complete,aux,4,512,0.0,0.708984375,0.708984375,0.0,0.0,0.0,0.0,0.0
stage_a_uci_v1,29,uci_internal_fixed,noise_brightness_to_blur,sar_complete,parameters_aux,4,512,0.0,0.708984375,0.708984375,0.0,0.0,0.0,0.0,0.0
stage_a_uci_v1,29,uci_internal_fixed,noise_brightness_to_blur,sar_complete,optimizer_aux,4,512,0.0,0.708984375,0.708984375,0.0,0.0,0.0,0.0,0.0
stage_a_uci_v1,29,uci_internal_fixed,noise_brightness_to_blur,sar_complete,parameters_optimizer_aux,4,512,0.0,0.708984375,0.708984375,0.0,0.0,0.0,0.0,0.0
stage_a_uci_v1,29,uci_internal_fixed,noise_brightness_to_blur,sar_complete,all,4,512,0.0,0.708984375,0.708984375,0.0,0.0,0.0,0.0,0.0
stage_a_uci_v1,29,uci_internal_fixed,blur_noise_to_clean,source,none,0,512,0.0,0.98046875,0.98046875,0.0,0.0,0.0,0.0,0.0
stage_a_uci_v1,29,uci_internal_fixed,blur_noise_to_clean,source,all,0,512,0.0,0.98046875,0.98046875,0.0,0.0,0.0,0.0,0.0
stage_a_uci_v1,29,uci_internal_fixed,blur_noise_to_clean,source,none,4,512,0.0,0.98046875,0.98046875,0.0,0.0,0.0,0.0,0.0
stage_a_uci_v1,29,uci_internal_fixed,blur_noise_to_clean,source,all,4,512,0.0,0.98046875,0.98046875,0.0,0.0,0.0,0.0,0.0
stage_a_uci_v1,29,uci_internal_fixed,blur_noise_to_clean,norm,none,0,512,0.0,0.98046875,0.98046875,0.0,0.0,0.0,0.0,0.0
stage_a_uci_v1,29,uci_internal_fixed,blur_noise_to_clean,norm,all,0,512,0.0,0.98046875,0.98046875,0.0,0.0,0.0,0.0,0.0
stage_a_uci_v1,29,uci_internal_fixed,blur_noise_to_clean,norm,none,4,512,0.0,0.98046875,0.98046875,0.0,0.0,0.0,0.0,0.0
stage_a_uci_v1,29,uci_internal_fixed,blur_noise_to_clean,norm,all,4,512,0.0,0.98046875,0.98046875,0.0,0.0,0.0,0.0,0.0
stage_a_uci_v1,29,uci_internal_fixed,blur_noise_to_clean,tent,none,0,512,0.0,0.98046875,0.98046875,0.0,0.0,-1.3996612463908209e-05,4.371563560392339e-06,0.015336036682128906
stage_a_uci_v1,29,uci_internal_fixed,blur_noise_to_clean,tent,parameters,0,512,0.0,0.98046875,0.98046875,0.0,0.0,4.928740680830435e-06,-1.1616506107887253e-05,0.0
stage_a_uci_v1,29,uci_internal_fixed,blur_noise_to_clean,tent,optimizer,0,512,0.0,0.98046875,0.98046875,0.0,0.0,-1.8961856492590023e-05,1.5990559708637525e-05,0.015336036682128906
stage_a_uci_v1,29,uci_internal_fixed,blur_noise_to_clean,tent,parameters_optimizer,0,512,0.0,0.98046875,0.98046875,0.0,0.0,0.0,0.0,0.0
stage_a_uci_v1,29,uci_internal_fixed,blur_noise_to_clean,tent,aux,0,512,0.0,0.98046875,0.98046875,0.0,0.0,-1.3996612463908209e-05,4.371563560392339e-06,0.015336036682128906
stage_a_uci_v1,29,uci_internal_fixed,blur_noise_to_clean,tent,parameters_aux,0,512,0.0,0.98046875,0.98046875,0.0,0.0,4.928740680830435e-06,-1.1616506107887253e-05,0.0
stage_a_uci_v1,29,uci_internal_fixed,blur_noise_to_clean,tent,optimizer_aux,0,512,0.0,0.98046875,0.98046875,0.0,0.0,-1.8961856492590023e-05,1.5990559708637525e-05,0.015336036682128906
stage_a_uci_v1,29,uci_internal_fixed,blur_noise_to_clean,tent,parameters_optimizer_aux,0,512,0.0,0.98046875,0.98046875,0.0,0.0,0.0,0.0,0.0
stage_a_uci_v1,29,uci_internal_fixed,blur_noise_to_clean,tent,all,0,512,0.0,0.98046875,0.98046875,0.0,0.0,0.0,0.0,0.0
stage_a_uci_v1,29,uci_internal_fixed,blur_noise_to_clean,tent,none,4,512,0.0,0.98046875,0.98046875,0.0,0.0,-9.20827389783857e-06,3.020961042772552e-06,0.010136604309082031
stage_a_uci_v1,29,uci_internal_fixed,blur_noise_to_clean,tent,parameters,4,512,0.0,0.98046875,0.98046875,0.0,0.0,3.4204752082656054e-06,-7.535904591918219e-06,0.0
stage_a_uci_v1,29,uci_internal_fixed,blur_noise_to_clean,tent,optimizer,4,512,0.0,0.98046875,0.98046875,0.0,0.0,-1.240014327061334e-05,1.0679766341031849e-05,0.010136604309082031
stage_a_uci_v1,29,uci_internal_fixed,blur_noise_to_clean,tent,parameters_optimizer,4,512,0.0,0.98046875,0.98046875,0.0,0.0,0.0,0.0,0.0
stage_a_uci_v1,29,uci_internal_fixed,blur_noise_to_clean,tent,aux,4,512,0.0,0.98046875,0.98046875,0.0,0.0,-9.20827389783857e-06,3.020961042772552e-06,0.010136604309082031
stage_a_uci_v1,29,uci_internal_fixed,blur_noise_to_clean,tent,parameters_aux,4,512,0.0,0.98046875,0.98046875,0.0,0.0,3.4204752082656054e-06,-7.535904591918219e-06,0.0
stage_a_uci_v1,29,uci_internal_fixed,blur_noise_to_clean,tent,optimizer_aux,4,512,0.0,0.98046875,0.98046875,0.0,0.0,-1.240014327061334e-05,1.0679766341031849e-05,0.010136604309082031
stage_a_uci_v1,29,uci_internal_fixed,blur_noise_to_clean,tent,parameters_optimizer_aux,4,512,0.0,0.98046875,0.98046875,0.0,0.0,0.0,0.0,0.0
stage_a_uci_v1,29,uci_internal_fixed,blur_noise_to_clean,tent,all,4,512,0.0,0.98046875,0.98046875,0.0,0.0,0.0,0.0,0.0
stage_a_uci_v1,29,uci_internal_fixed,blur_noise_to_clean,sar_complete,none,0,512,0.0,0.98046875,0.98046875,0.0,0.0,2.2757375583298822e-07,1.7081956235620588e-07,0.0287933349609375
stage_a_uci_v1,29,uci_internal_fixed,blur_noise_to_clean,sar_complete,parameters,0,512,0.0,0.98046875,0.98046875,0.0,0.0,0.0,0.0,0.0
stage_a_uci_v1,29,uci_internal_fixed,blur_noise_to_clean,sar_complete,optimizer,0,512,0.0,0.98046875,0.98046875,0.0,0.0,2.2757375583298822e-07,1.7081956235620588e-07,0.0287933349609375
stage_a_uci_v1,29,uci_internal_fixed,blur_noise_to_clean,sar_complete,parameters_optimizer,0,512,0.0,0.98046875,0.98046875,0.0,0.0,0.0,0.0,0.0
stage_a_uci_v1,29,uci_internal_fixed,blur_noise_to_clean,sar_complete,aux,0,512,0.0,0.98046875,0.98046875,0.0,0.0,2.2757375583298822e-07,1.7081956235620588e-07,0.0287933349609375
stage_a_uci_v1,29,uci_internal_fixed,blur_noise_to_clean,sar_complete,parameters_aux,0,512,0.0,0.98046875,0.98046875,0.0,0.0,0.0,0.0,0.0
stage_a_uci_v1,29,uci_internal_fixed,blur_noise_to_clean,sar_complete,optimizer_aux,0,512,0.0,0.98046875,0.98046875,0.0,0.0,2.2757375583298822e-07,1.7081956235620588e-07,0.0287933349609375
stage_a_uci_v1,29,uci_internal_fixed,blur_noise_to_clean,sar_complete,parameters_optimizer_aux,0,512,0.0,0.98046875,0.98046875,0.0,0.0,0.0,0.0,0.0
stage_a_uci_v1,29,uci_internal_fixed,blur_noise_to_clean,sar_complete,all,0,512,0.0,0.98046875,0.98046875,0.0,0.0,0.0,0.0,0.0
stage_a_uci_v1,29,uci_internal_fixed,blur_noise_to_clean,sar_complete,none,4,512,0.0,0.98046875,0.98046875,0.0,0.0,0.0,0.0,0.0
stage_a_uci_v1,29,uci_internal_fixed,blur_noise_to_clean,sar_complete,parameters,4,512,0.0,0.98046875,0.98046875,0.0,0.0,0.0,0.0,0.0
stage_a_uci_v1,29,uci_internal_fixed,blur_noise_to_clean,sar_complete,optimizer,4,512,0.0,0.98046875,0.98046875,0.0,0.0,0.0,0.0,0.0
stage_a_uci_v1,29,uci_internal_fixed,blur_noise_to_clean,sar_complete,parameters_optimizer,4,512,0.0,0.98046875,0.98046875,0.0,0.0,0.0,0.0,0.0
stage_a_uci_v1,29,uci_internal_fixed,blur_noise_to_clean,sar_complete,aux,4,512,0.0,0.98046875,0.98046875,0.0,0.0,0.0,0.0,0.0
stage_a_uci_v1,29,uci_internal_fixed,blur_noise_to_clean,sar_complete,parameters_aux,4,512,0.0,0.98046875,0.98046875,0.0,0.0,0.0,0.0,0.0
stage_a_uci_v1,29,uci_internal_fixed,blur_noise_to_clean,sar_complete,optimizer_aux,4,512,0.0,0.98046875,0.98046875,0.0,0.0,0.0,0.0,0.0
stage_a_uci_v1,29,uci_internal_fixed,blur_noise_to_clean,sar_complete,parameters_optimizer_aux,4,512,0.0,0.98046875,0.98046875,0.0,0.0,0.0,0.0,0.0
stage_a_uci_v1,29,uci_internal_fixed,blur_noise_to_clean,sar_complete,all,4,512,0.0,0.98046875,0.98046875,0.0,0.0,0.0,0.0,0.0
stage_a_uci_v1,43,uci_internal_fixed,noise_brightness_to_blur,source,none,0,512,0.0,0.4765625,0.4765625,0.0,0.0,0.0,0.0,0.0
stage_a_uci_v1,43,uci_internal_fixed,noise_brightness_to_blur,source,all,0,512,0.0,0.4765625,0.4765625,0.0,0.0,0.0,0.0,0.0
stage_a_uci_v1,43,uci_internal_fixed,noise_brightness_to_blur,source,none,4,512,0.0,0.4765625,0.4765625,0.0,0.0,0.0,0.0,0.0
stage_a_uci_v1,43,uci_internal_fixed,noise_brightness_to_blur,source,all,4,512,0.0,0.4765625,0.4765625,0.0,0.0,0.0,0.0,0.0
stage_a_uci_v1,43,uci_internal_fixed,noise_brightness_to_blur,norm,none,0,512,0.0,0.77734375,0.77734375,0.0,0.0,0.0,0.0,0.0
stage_a_uci_v1,43,uci_internal_fixed,noise_brightness_to_blur,norm,all,0,512,0.0,0.77734375,0.77734375,0.0,0.0,0.0,0.0,0.0
stage_a_uci_v1,43,uci_internal_fixed,noise_brightness_to_blur,norm,none,4,512,0.0,0.77734375,0.77734375,0.0,0.0,0.0,0.0,0.0
stage_a_uci_v1,43,uci_internal_fixed,noise_brightness_to_blur,norm,all,4,512,0.0,0.77734375,0.77734375,0.0,0.0,0.0,0.0,0.0
stage_a_uci_v1,43,uci_internal_fixed,noise_brightness_to_blur,tent,none,0,512,0.0,0.77734375,0.77734375,0.0,0.0,0.00016840034111087476,4.676876683196163e-05,0.007129669189453125
stage_a_uci_v1,43,uci_internal_fixed,noise_brightness_to_blur,tent,parameters,0,512,0.0,0.77734375,0.77734375,0.0,0.0,-0.00022845713065156037,-5.3652847182894536e-05,0.0
stage_a_uci_v1,43,uci_internal_fixed,noise_brightness_to_blur,tent,optimizer,0,512,0.0,0.77734375,0.77734375,0.0,0.0,0.00039958999647016213,0.0001013366747110167,0.007129669189453125
stage_a_uci_v1,43,uci_internal_fixed,noise_brightness_to_blur,tent,parameters_optimizer,0,512,0.0,0.77734375,0.77734375,0.0,0.0,0.0,0.0,0.0
stage_a_uci_v1,43,uci_internal_fixed,noise_brightness_to_blur,tent,aux,0,512,0.0,0.77734375,0.77734375,0.0,0.0,0.00016840034111087476,4.676876683196163e-05,0.007129669189453125
stage_a_uci_v1,43,uci_internal_fixed,noise_brightness_to_blur,tent,parameters_aux,0,512,0.0,0.77734375,0.77734375,0.0,0.0,-0.00022845713065156037,-5.3652847182894536e-05,0.0
stage_a_uci_v1,43,uci_internal_fixed,noise_brightness_to_blur,tent,optimizer_aux,0,512,0.0,0.77734375,0.77734375,0.0,0.0,0.00039958999647016213,0.0001013366747110167,0.007129669189453125
stage_a_uci_v1,43,uci_internal_fixed,noise_brightness_to_blur,tent,parameters_optimizer_aux,0,512,0.0,0.77734375,0.77734375,0.0,0.0,0.0,0.0,0.0
stage_a_uci_v1,43,uci_internal_fixed,noise_brightness_to_blur,tent,all,0,512,0.0,0.77734375,0.77734375,0.0,0.0,0.0,0.0,0.0
stage_a_uci_v1,43,uci_internal_fixed,noise_brightness_to_blur,tent,none,4,512,0.0,0.77734375,0.77734375,0.0,0.0,0.00010928392057119041,3.001117783885121e-05,0.00467681884765625
stage_a_uci_v1,43,uci_internal_fixed,noise_brightness_to_blur,tent,parameters,4,512,0.0,0.77734375,0.77734375,0.0,0.0,-0.00015242754375022205,-3.609965030415552e-05,0.0
stage_a_uci_v1,43,uci_internal_fixed,noise_brightness_to_blur,tent,optimizer,4,512,0.0,0.77734375,0.77734375,0.0,0.0,0.00026381218395288286,6.695914656240642e-05,0.00467681884765625
stage_a_uci_v1,43,uci_internal_fixed,noise_brightness_to_blur,tent,parameters_optimizer,4,512,0.0,0.77734375,0.77734375,0.0,0.0,0.0,0.0,0.0
stage_a_uci_v1,43,uci_internal_fixed,noise_brightness_to_blur,tent,aux,4,512,0.0,0.77734375,0.77734375,0.0,0.0,0.00010928392057119041,3.001117783885121e-05,0.00467681884765625
stage_a_uci_v1,43,uci_internal_fixed,noise_brightness_to_blur,tent,parameters_aux,4,512,0.0,0.77734375,0.77734375,0.0,0.0,-0.00015242754375022205,-3.609965030415552e-05,0.0
stage_a_uci_v1,43,uci_internal_fixed,noise_brightness_to_blur,tent,optimizer_aux,4,512,0.0,0.77734375,0.77734375,0.0,0.0,0.00026381218395288286,6.695914656240642e-05,0.00467681884765625
stage_a_uci_v1,43,uci_internal_fixed,noise_brightness_to_blur,tent,parameters_optimizer_aux,4,512,0.0,0.77734375,0.77734375,0.0,0.0,0.0,0.0,0.0
stage_a_uci_v1,43,uci_internal_fixed,noise_brightness_to_blur,tent,all,4,512,0.0,0.77734375,0.77734375,0.0,0.0,0.0,0.0,0.0
stage_a_uci_v1,43,uci_internal_fixed,noise_brightness_to_blur,sar_complete,none,0,512,0.0,0.77734375,0.77734375,0.0,0.0,0.0,0.0,0.0
stage_a_uci_v1,43,uci_internal_fixed,noise_brightness_to_blur,sar_complete,parameters,0,512,0.0,0.77734375,0.77734375,0.0,0.0,0.0,0.0,0.0
stage_a_uci_v1,43,uci_internal_fixed,noise_brightness_to_blur,sar_complete,optimizer,0,512,0.0,0.77734375,0.77734375,0.0,0.0,0.0,0.0,0.0
stage_a_uci_v1,43,uci_internal_fixed,noise_brightness_to_blur,sar_complete,parameters_optimizer,0,512,0.0,0.77734375,0.77734375,0.0,0.0,0.0,0.0,0.0
stage_a_uci_v1,43,uci_internal_fixed,noise_brightness_to_blur,sar_complete,aux,0,512,0.0,0.77734375,0.77734375,0.0,0.0,0.0,0.0,0.0
stage_a_uci_v1,43,uci_internal_fixed,noise_brightness_to_blur,sar_complete,parameters_aux,0,512,0.0,0.77734375,0.77734375,0.0,0.0,0.0,0.0,0.0
stage_a_uci_v1,43,uci_internal_fixed,noise_brightness_to_blur,sar_complete,optimizer_aux,0,512,0.0,0.77734375,0.77734375,0.0,0.0,0.0,0.0,0.0
stage_a_uci_v1,43,uci_internal_fixed,noise_brightness_to_blur,sar_complete,parameters_optimizer_aux,0,512,0.0,0.77734375,0.77734375,0.0,0.0,0.0,0.0,0.0
stage_a_uci_v1,43,uci_internal_fixed,noise_brightness_to_blur,sar_complete,all,0,512,0.0,0.77734375,0.77734375,0.0,0.0,0.0,0.0,0.0
stage_a_uci_v1,43,uci_internal_fixed,noise_brightness_to_blur,sar_complete,none,4,512,0.0,0.77734375,0.77734375,0.0,0.0,0.0,0.0,0.0
stage_a_uci_v1,43,uci_internal_fixed,noise_brightness_to_blur,sar_complete,parameters,4,512,0.0,0.77734375,0.77734375,0.0,0.0,0.0,0.0,0.0
stage_a_uci_v1,43,uci_internal_fixed,noise_brightness_to_blur,sar_complete,optimizer,4,512,0.0,0.77734375,0.77734375,0.0,0.0,0.0,0.0,0.0
stage_a_uci_v1,43,uci_internal_fixed,noise_brightness_to_blur,sar_complete,parameters_optimizer,4,512,0.0,0.77734375,0.77734375,0.0,0.0,0.0,0.0,0.0
stage_a_uci_v1,43,uci_internal_fixed,noise_brightness_to_blur,sar_complete,aux,4,512,0.0,0.77734375,0.77734375,0.0,0.0,0.0,0.0,0.0
stage_a_uci_v1,43,uci_internal_fixed,noise_brightness_to_blur,sar_complete,parameters_aux,4,512,0.0,0.77734375,0.77734375,0.0,0.0,0.0,0.0,0.0
stage_a_uci_v1,43,uci_internal_fixed,noise_brightness_to_blur,sar_complete,optimizer_aux,4,512,0.0,0.77734375,0.77734375,0.0,0.0,0.0,0.0,0.0
stage_a_uci_v1,43,uci_internal_fixed,noise_brightness_to_blur,sar_complete,parameters_optimizer_aux,4,512,0.0,0.77734375,0.77734375,0.0,0.0,0.0,0.0,0.0
stage_a_uci_v1,43,uci_internal_fixed,noise_brightness_to_blur,sar_complete,all,4,512,0.0,0.77734375,0.77734375,0.0,0.0,0.0,0.0,0.0
stage_a_uci_v1,43,uci_internal_fixed,blur_noise_to_clean,source,none,0,512,0.0,0.984375,0.984375,0.0,0.0,0.0,0.0,0.0
stage_a_uci_v1,43,uci_internal_fixed,blur_noise_to_clean,source,all,0,512,0.0,0.984375,0.984375,0.0,0.0,0.0,0.0,0.0
stage_a_uci_v1,43,uci_internal_fixed,blur_noise_to_clean,source,none,4,512,0.0,0.984375,0.984375,0.0,0.0,0.0,0.0,0.0
stage_a_uci_v1,43,uci_internal_fixed,blur_noise_to_clean,source,all,4,512,0.0,0.984375,0.984375,0.0,0.0,0.0,0.0,0.0
stage_a_uci_v1,43,uci_internal_fixed,blur_noise_to_clean,norm,none,0,512,0.0,0.984375,0.984375,0.0,0.0,0.0,0.0,0.0
stage_a_uci_v1,43,uci_internal_fixed,blur_noise_to_clean,norm,all,0,512,0.0,0.984375,0.984375,0.0,0.0,0.0,0.0,0.0
stage_a_uci_v1,43,uci_internal_fixed,blur_noise_to_clean,norm,none,4,512,0.0,0.984375,0.984375,0.0,0.0,0.0,0.0,0.0
stage_a_uci_v1,43,uci_internal_fixed,blur_noise_to_clean,norm,all,4,512,0.0,0.984375,0.984375,0.0,0.0,0.0,0.0,0.0
stage_a_uci_v1,43,uci_internal_fixed,blur_noise_to_clean,tent,none,0,512,0.0,0.984375,0.984375,0.0,0.0,-1.1339107031313467e-06,-2.116359219886399e-07,0.009815692901611328
stage_a_uci_v1,43,uci_internal_fixed,blur_noise_to_clean,tent,parameters,0,512,0.0,0.984375,0.984375,0.0,0.0,1.368579715363416e-05,1.0881794399356104e-05,0.0
stage_a_uci_v1,43,uci_internal_fixed,blur_noise_to_clean,tent,optimizer,0,512,0.0,0.984375,0.984375,0.0,0.0,-1.4836579115849735e-05,-1.0975298132799571e-05,0.009815692901611328
stage_a_uci_v1,43,uci_internal_fixed,blur_noise_to_clean,tent,parameters_optimizer,0,512,0.0,0.984375,0.984375,0.0,0.0,0.0,0.0,0.0
stage_a_uci_v1,43,uci_internal_fixed,blur_noise_to_clean,tent,aux,0,512,0.0,0.984375,0.984375,0.0,0.0,-1.1339107031313467e-06,-2.116359219886399e-07,0.009815692901611328
stage_a_uci_v1,43,uci_internal_fixed,blur_noise_to_clean,tent,parameters_aux,0,512,0.0,0.984375,0.984375,0.0,0.0,1.368579715363416e-05,1.0881794399356104e-05,0.0
stage_a_uci_v1,43,uci_internal_fixed,blur_noise_to_clean,tent,optimizer_aux,0,512,0.0,0.984375,0.984375,0.0,0.0,-1.4836579115849735e-05,-1.0975298132799571e-05,0.009815692901611328
stage_a_uci_v1,43,uci_internal_fixed,blur_noise_to_clean,tent,parameters_optimizer_aux,0,512,0.0,0.984375,0.984375,0.0,0.0,0.0,0.0,0.0
stage_a_uci_v1,43,uci_internal_fixed,blur_noise_to_clean,tent,all,0,512,0.0,0.984375,0.984375,0.0,0.0,0.0,0.0,0.0
stage_a_uci_v1,43,uci_internal_fixed,blur_noise_to_clean,tent,none,4,512,0.0,0.984375,0.984375,0.0,0.0,-6.965331643404848e-07,-4.5504548493863206e-08,0.006415128707885742
stage_a_uci_v1,43,uci_internal_fixed,blur_noise_to_clean,tent,parameters,4,512,0.0,0.984375,0.984375,0.0,0.0,8.965353056632208e-06,7.117481082730137e-06,0.0
stage_a_uci_v1,43,uci_internal_fixed,blur_noise_to_clean,tent,optimizer,4,512,0.0,0.984375,0.984375,0.0,0.0,-9.71558649837806e-06,-7.134101345580152e-06,0.006415128707885742
stage_a_uci_v1,43,uci_internal_fixed,blur_noise_to_clean,tent,parameters_optimizer,4,512,0.0,0.984375,0.984375,0.0,0.0,0.0,0.0,0.0
stage_a_uci_v1,43,uci_internal_fixed,blur_noise_to_clean,tent,aux,4,512,0.0,0.984375,0.984375,0.0,0.0,-6.965331643404848e-07,-4.5504548493863206e-08,0.006415128707885742
stage_a_uci_v1,43,uci_internal_fixed,blur_noise_to_clean,tent,parameters_aux,4,512,0.0,0.984375,0.984375,0.0,0.0,8.965353056632208e-06,7.117481082730137e-06,0.0
stage_a_uci_v1,43,uci_internal_fixed,blur_noise_to_clean,tent,optimizer_aux,4,512,0.0,0.984375,0.984375,0.0,0.0,-9.71558649837806e-06,-7.134101345580152e-06,0.006415128707885742
stage_a_uci_v1,43,uci_internal_fixed,blur_noise_to_clean,tent,parameters_optimizer_aux,4,512,0.0,0.984375,0.984375,0.0,0.0,0.0,0.0,0.0
stage_a_uci_v1,43,uci_internal_fixed,blur_noise_to_clean,tent,all,4,512,0.0,0.984375,0.984375,0.0,0.0,0.0,0.0,0.0
stage_a_uci_v1,43,uci_internal_fixed,blur_noise_to_clean,sar_complete,none,0,512,0.0,0.984375,0.984375,0.0,0.0,-3.4193532597454057e-06,-3.8087069944778285e-07,0.0223844051361084
stage_a_uci_v1,43,uci_internal_fixed,blur_noise_to_clean,sar_complete,parameters,0,512,0.0,0.984375,0.984375,0.0,0.0,0.0,0.0,0.0
stage_a_uci_v1,43,uci_internal_fixed,blur_noise_to_clean,sar_complete,optimizer,0,512,0.0,0.984375,0.984375,0.0,0.0,-3.4193532597454057e-06,-3.8087069944778285e-07,0.0223844051361084
stage_a_uci_v1,43,uci_internal_fixed,blur_noise_to_clean,sar_complete,parameters_optimizer,0,512,0.0,0.984375,0.984375,0.0,0.0,0.0,0.0,0.0
stage_a_uci_v1,43,uci_internal_fixed,blur_noise_to_clean,sar_complete,aux,0,512,0.0,0.984375,0.984375,0.0,0.0,-3.4193532597454057e-06,-3.8087069944778285e-07,0.0223844051361084
stage_a_uci_v1,43,uci_internal_fixed,blur_noise_to_clean,sar_complete,parameters_aux,0,512,0.0,0.984375,0.984375,0.0,0.0,0.0,0.0,0.0
stage_a_uci_v1,43,uci_internal_fixed,blur_noise_to_clean,sar_complete,optimizer_aux,0,512,0.0,0.984375,0.984375,0.0,0.0,-3.4193532597454057e-06,-3.8087069944778285e-07,0.0223844051361084
stage_a_uci_v1,43,uci_internal_fixed,blur_noise_to_clean,sar_complete,parameters_optimizer_aux,0,512,0.0,0.984375,0.984375,0.0,0.0,0.0,0.0,0.0
stage_a_uci_v1,43,uci_internal_fixed,blur_noise_to_clean,sar_complete,all,0,512,0.0,0.984375,0.984375,0.0,0.0,0.0,0.0,0.0
stage_a_uci_v1,43,uci_internal_fixed,blur_noise_to_clean,sar_complete,none,4,512,0.0,0.984375,0.984375,0.0,0.0,0.0,0.0,0.0
stage_a_uci_v1,43,uci_internal_fixed,blur_noise_to_clean,sar_complete,parameters,4,512,0.0,0.984375,0.984375,0.0,0.0,0.0,0.0,0.0
stage_a_uci_v1,43,uci_internal_fixed,blur_noise_to_clean,sar_complete,optimizer,4,512,0.0,0.984375,0.984375,0.0,0.0,0.0,0.0,0.0
stage_a_uci_v1,43,uci_internal_fixed,blur_noise_to_clean,sar_complete,parameters_optimizer,4,512,0.0,0.984375,0.984375,0.0,0.0,0.0,0.0,0.0
stage_a_uci_v1,43,uci_internal_fixed,blur_noise_to_clean,sar_complete,aux,4,512,0.0,0.984375,0.984375,0.0,0.0,0.0,0.0,0.0
stage_a_uci_v1,43,uci_internal_fixed,blur_noise_to_clean,sar_complete,parameters_aux,4,512,0.0,0.984375,0.984375,0.0,0.0,0.0,0.0,0.0
stage_a_uci_v1,43,uci_internal_fixed,blur_noise_to_clean,sar_complete,optimizer_aux,4,512,0.0,0.984375,0.984375,0.0,0.0,0.0,0.0,0.0
stage_a_uci_v1,43,uci_internal_fixed,blur_noise_to_clean,sar_complete,parameters_optimizer_aux,4,512,0.0,0.984375,0.984375,0.0,0.0,0.0,0.0,0.0
stage_a_uci_v1,43,uci_internal_fixed,blur_noise_to_clean,sar_complete,all,4,512,0.0,0.984375,0.984375,0.0,0.0,0.0,0.0,0.0
