experiment_id,method,intervention,washout_batches,direction,panel_id,accuracy_change,error_change,nll_change,brier_change,ece15_change,n_seeds,n_scenarios_min,n_scenarios_max
stage_a_uci_v1,norm,all,0,ab,uci_internal_fixed,0.0,0.0,0.0,0.0,0.0,3,2,2
stage_a_uci_v1,norm,all,0,ba,uci_internal_fixed,0.0,0.0,0.0,0.0,0.0,3,2,2
stage_a_uci_v1,norm,all,4,ab,uci_internal_fixed,0.0,0.0,0.0,0.0,0.0,3,2,2
stage_a_uci_v1,norm,all,4,ba,uci_internal_fixed,0.0,0.0,0.0,0.0,0.0,3,2,2
stage_a_uci_v1,sar_complete,all,0,ab,uci_internal_fixed,0.0003255208333333333,-0.0003255208333333333,-0.00019418810067130832,-0.00010631283052198413,-0.00027129740357389846,3,2,2
stage_a_uci_v1,sar_complete,all,0,ba,uci_internal_fixed,0.0003255208333333333,-0.0003255208333333333,-0.00014370666790310938,-9.316298619527266e-05,-0.00027143277058926167,3,2,2
stage_a_uci_v1,sar_complete,all,4,ab,uci_internal_fixed,0.0003255208333333333,-0.0003255208333333333,-0.00041364896663337314,-0.0001337900261568307,-0.00030519186282298066,3,2,2
stage_a_uci_v1,sar_complete,all,4,ba,uci_internal_fixed,0.0,0.0,-0.00044285568440882717,-0.00013873774857026122,1.831890327430123e-05,3,2,2
stage_a_uci_v1,sar_complete,aux,0,ab,uci_internal_fixed,0.0003255208333333333,-0.0003255208333333333,-0.00019521481063675938,-0.00010655575478909993,-0.0002703584752278652,3,2,2
stage_a_uci_v1,sar_complete,aux,0,ba,uci_internal_fixed,0.0003255208333333333,-0.0003255208333333333,-0.00014395511237159236,-9.326865494147195e-05,-0.0002712467892422449,3,2,2
stage_a_uci_v1,sar_complete,aux,4,ab,uci_internal_fixed,0.0003255208333333333,-0.0003255208333333333,-0.00041364896663337314,-0.0001337900261568307,-0.00030519186282298066,3,2,2
stage_a_uci_v1,sar_complete,aux,4,ba,uci_internal_fixed,0.0,0.0,-0.00044285568440882717,-0.00013873774857026122,1.831890327430123e-05,3,2,2
stage_a_uci_v1,sar_complete,optimizer,0,ab,uci_internal_fixed,0.0,0.0,2.9203866824811797e-09,5.894033525133402e-12,-2.9162134833685127e-09,3,2,2
stage_a_uci_v1,sar_complete,optimizer,0,ba,uci_internal_fixed,0.0,0.0,2.1266840566358525e-08,1.1040445499950943e-08,-1.156149691666312e-08,3,2,2
stage_a_uci_v1,sar_complete,optimizer,4,ab,uci_internal_fixed,0.0,0.0,0.0,0.0,0.0,3,2,2
stage_a_uci_v1,sar_complete,optimizer,4,ba,uci_internal_fixed,0.0,0.0,0.0,0.0,0.0,3,2,2
stage_a_uci_v1,sar_complete,optimizer_aux,0,ab,uci_internal_fixed,0.0003255208333333333,-0.0003255208333333333,-0.00019521481063675938,-0.00010655575478909993,-0.0002703584752278652,3,2,2
stage_a_uci_v1,sar_complete,optimizer_aux,0,ba,uci_internal_fixed,0.0003255208333333333,-0.0003255208333333333,-0.00014395511237159236,-9.326865494147195e-05,-0.0002712467892422449,3,2,2
stage_a_uci_v1,sar_complete,optimizer_aux,4,ab,uci_internal_fixed,0.0003255208333333333,-0.0003255208333333333,-0.00041364896663337314,-0.0001337900261568307,-0.00030519186282298066,3,2,2
stage_a_uci_v1,sar_complete,optimizer_aux,4,ba,uci_internal_fixed,0.0,0.0,-0.00044285568440882717,-0.00013873774857026122,1.831890327430123e-05,3,2,2
stage_a_uci_v1,sar_complete,parameters,0,ab,uci_internal_fixed,0.0,0.0,1.062017298900329e-06,2.427435763993624e-07,-9.74326803900143e-07,3,2,2
stage_a_uci_v1,sar_complete,parameters,0,ba,uci_internal_fixed,0.0,0.0,4.7444813339990916e-07,2.0432743689952995e-07,-3.591692125665356e-07,3,2,2
stage_a_uci_v1,sar_complete,parameters,4,ab,uci_internal_fixed,0.0,0.0,0.0,0.0,0.0,3,2,2
stage_a_uci_v1,sar_complete,parameters,4,ba,uci_internal_fixed,0.0,0.0,0.0,0.0,0.0,3,2,2
stage_a_uci_v1,sar_complete,parameters_aux,0,ab,uci_internal_fixed,0.0003255208333333333,-0.0003255208333333333,-0.00019418810067130832,-0.00010631283052198413,-0.00027129740357389846,3,2,2
stage_a_uci_v1,sar_complete,parameters_aux,0,ba,uci_internal_fixed,0.0003255208333333333,-0.0003255208333333333,-0.00014370666790310938,-9.316298619527266e-05,-0.00027143277058926167,3,2,2
stage_a_uci_v1,sar_complete,parameters_aux,4,ab,uci_internal_fixed,0.0003255208333333333,-0.0003255208333333333,-0.00041364896663337314,-0.0001337900261568307,-0.00030519186282298066,3,2,2
stage_a_uci_v1,sar_complete,parameters_aux,4,ba,uci_internal_fixed,0.0,0.0,-0.00044285568440882717,-0.00013873774857026122,1.831890327430123e-05,3,2,2
stage_a_uci_v1,sar_complete,parameters_optimizer,0,ab,uci_internal_fixed,0.0,0.0,1.0651850619510423e-06,2.4275604283291913e-07,-9.77488290650197e-07,3,2,2
stage_a_uci_v1,sar_complete,parameters_optimizer,0,ba,uci_internal_fixed,0.0,0.0,4.973886014158583e-07,2.1622048543279426e-07,-3.720067108667462e-07,3,2,2
stage_a_uci_v1,sar_complete,parameters_optimizer,4,ab,uci_internal_fixed,0.0,0.0,0.0,0.0,0.0,3,2,2
stage_a_uci_v1,sar_complete,parameters_optimizer,4,ba,uci_internal_fixed,0.0,0.0,0.0,0.0,0.0,3,2,2
stage_a_uci_v1,sar_complete,parameters_optimizer_aux,0,ab,uci_internal_fixed,0.0003255208333333333,-0.0003255208333333333,-0.00019418810067130832,-0.00010631283052198413,-0.00027129740357389846,3,2,2
stage_a_uci_v1,sar_complete,parameters_optimizer_aux,0,ba,uci_internal_fixed,0.0003255208333333333,-0.0003255208333333333,-0.00014370666790310938,-9.316298619527266e-05,-0.00027143277058926167,3,2,2
stage_a_uci_v1,sar_complete,parameters_optimizer_aux,4,ab,uci_internal_fixed,0.0003255208333333333,-0.0003255208333333333,-0.00041364896663337314,-0.0001337900261568307,-0.00030519186282298066,3,2,2
stage_a_uci_v1,sar_complete,parameters_optimizer_aux,4,ba,uci_internal_fixed,0.0,0.0,-0.00044285568440882717,-0.00013873774857026122,1.831890327430123e-05,3,2,2
stage_a_uci_v1,source,all,0,ab,uci_internal_fixed,0.0,0.0,0.0,0.0,0.0,3,2,2
stage_a_uci_v1,source,all,0,ba,uci_internal_fixed,0.0,0.0,0.0,0.0,0.0,3,2,2
stage_a_uci_v1,source,all,4,ab,uci_internal_fixed,0.0,0.0,0.0,0.0,0.0,3,2,2
stage_a_uci_v1,source,all,4,ba,uci_internal_fixed,0.0,0.0,0.0,0.0,0.0,3,2,2
stage_a_uci_v1,tent,all,0,ab,uci_internal_fixed,-0.0003255208333333333,0.0003255208333333333,0.00021501596208271107,7.387288957783934e-05,-0.0003467317918173692,3,2,2
stage_a_uci_v1,tent,all,0,ba,uci_internal_fixed,0.0,0.0,0.00024117701615631917,7.610830494984382e-05,-0.000497989544827985,3,2,2
stage_a_uci_v1,tent,all,4,ab,uci_internal_fixed,-0.0006510416666666666,0.0006510416666666666,-0.00026948684269213183,1.9391909065763605e-05,-0.00019683447095293597,3,2,2
stage_a_uci_v1,tent,all,4,ba,uci_internal_fixed,-0.0006510416666666666,0.0006510416666666666,-0.0002522008761289829,2.0979889867147813e-05,-0.00018842350671653715,3,2,2
stage_a_uci_v1,tent,aux,0,ab,uci_internal_fixed,0.0,0.0,0.0,0.0,0.0,3,2,2
stage_a_uci_v1,tent,aux,0,ba,uci_internal_fixed,0.0,0.0,0.0,0.0,0.0,3,2,2
stage_a_uci_v1,tent,aux,4,ab,uci_internal_fixed,0.0,0.0,0.0,0.0,0.0,3,2,2
stage_a_uci_v1,tent,aux,4,ba,uci_internal_fixed,0.0,0.0,0.0,0.0,0.0,3,2,2
stage_a_uci_v1,tent,optimizer,0,ab,uci_internal_fixed,0.0,0.0,9.00478274553744e-05,2.0065923198656077e-05,-0.0002294429430946991,3,2,2
stage_a_uci_v1,tent,optimizer,0,ba,uci_internal_fixed,0.0,0.0,5.3355028675986654e-05,1.77092089037479e-05,-0.00024094578572173646,3,2,2
stage_a_uci_v1,tent,optimizer,4,ab,uci_internal_fixed,0.0,0.0,-0.000359117666994165,-4.6524994241538393e-05,-0.0002105132683454678,3,2,2
stage_a_uci_v1,tent,optimizer,4,ba,uci_internal_fixed,0.0,0.0,-0.0003835786342435016,-4.823781906123451e-05,1.695422320112672e-06,3,2,2
stage_a_uci_v1,tent,optimizer_aux,0,ab,uci_internal_fixed,0.0,0.0,9.00478274553744e-05,2.0065923198656077e-05,-0.0002294429430946991,3,2,2
stage_a_uci_v1,tent,optimizer_aux,0,ba,uci_internal_fixed,0.0,0.0,5.3355028675986654e-05,1.77092089037479e-05,-0.00024094578572173646,3,2,2
stage_a_uci_v1,tent,optimizer_aux,4,ab,uci_internal_fixed,0.0,0.0,-0.000359117666994165,-4.6524994241538393e-05,-0.0002105132683454678,3,2,2
stage_a_uci_v1,tent,optimizer_aux,4,ba,uci_internal_fixed,0.0,0.0,-0.0003835786342435016,-4.823781906123451e-05,1.695422320112672e-06,3,2,2
stage_a_uci_v1,tent,parameters,0,ab,uci_internal_fixed,-0.0003255208333333333,0.0003255208333333333,0.00012424046499310074,5.335313796598606e-05,-0.00033395307627385237,3,2,2
stage_a_uci_v1,tent,parameters,0,ba,uci_internal_fixed,0.0,0.0,0.00018701638585204988,5.793413525729922e-05,-0.00047417702671551505,3,2,2
stage_a_uci_v1,tent,parameters,4,ab,uci_internal_fixed,-0.0006510416666666666,0.0006510416666666666,8.681170328410832e-05,6.481721346708602e-05,-0.00014302645835138558,3,2,2
stage_a_uci_v1,tent,parameters,4,ba,uci_internal_fixed,-0.0006510416666666666,0.0006510416666666666,0.00012780223363093499,6.778547330679036e-05,-0.0003009743947377568,3,2,2
stage_a_uci_v1,tent,parameters_aux,0,ab,uci_internal_fixed,-0.0003255208333333333,0.0003255208333333333,0.00012424046499310074,5.335313796598606e-05,-0.00033395307627385237,3,2,2
stage_a_uci_v1,tent,parameters_aux,0,ba,uci_internal_fixed,0.0,0.0,0.00018701638585204988,5.793413525729922e-05,-0.00047417702671551505,3,2,2
stage_a_uci_v1,tent,parameters_aux,4,ab,uci_internal_fixed,-0.0006510416666666666,0.0006510416666666666,8.681170328410832e-05,6.481721346708602e-05,-0.00014302645835138558,3,2,2
stage_a_uci_v1,tent,parameters_aux,4,ba,uci_internal_fixed,-0.0006510416666666666,0.0006510416666666666,0.00012780223363093499,6.778547330679036e-05,-0.0003009743947377568,3,2,2
stage_a_uci_v1,tent,parameters_optimizer,0,ab,uci_internal_fixed,-0.0003255208333333333,0.0003255208333333333,0.00021501596208271107,7.387288957783934e-05,-0.0003467317918173692,3,2,2
stage_a_uci_v1,tent,parameters_optimizer,0,ba,uci_internal_fixed,0.0,0.0,0.00024117701615631917,7.610830494984382e-05,-0.000497989544827985,3,2,2
stage_a_uci_v1,tent,parameters_optimizer,4,ab,uci_internal_fixed,-0.0006510416666666666,0.0006510416666666666,-0.00026948684269213183,1.9391909065763605e-05,-0.00019683447095293597,3,2,2
stage_a_uci_v1,tent,parameters_optimizer,4,ba,uci_internal_fixed,-0.0006510416666666666,0.0006510416666666666,-0.0002522008761289829,2.0979889867147813e-05,-0.00018842350671653715,3,2,2
stage_a_uci_v1,tent,parameters_optimizer_aux,0,ab,uci_internal_fixed,-0.0003255208333333333,0.0003255208333333333,0.00021501596208271107,7.387288957783934e-05,-0.0003467317918173692,3,2,2
stage_a_uci_v1,tent,parameters_optimizer_aux,0,ba,uci_internal_fixed,0.0,0.0,0.00024117701615631917,7.610830494984382e-05,-0.000497989544827985,3,2,2
stage_a_uci_v1,tent,parameters_optimizer_aux,4,ab,uci_internal_fixed,-0.0006510416666666666,0.0006510416666666666,-0.00026948684269213183,1.9391909065763605e-05,-0.00019683447095293597,3,2,2
stage_a_uci_v1,tent,parameters_optimizer_aux,4,ba,uci_internal_fixed,-0.0006510416666666666,0.0006510416666666666,-0.0002522008761289829,2.0979889867147813e-05,-0.00018842350671653715,3,2,2
