experiment_id,method,intervention,washout_batches,direction,seed,panel_id,accuracy,nll,brier,ece15,seconds,updates,skipped,recoveries,n_scenarios
stage_a_uci_v1,norm,all,0,ab,17,uci_internal_fixed,0.8583984375,0.5040305544153383,0.2166566601112965,0.08152206528958006,0.02630614999361565,0.0,0.0,0.0,2
stage_a_uci_v1,norm,all,0,ab,29,uci_internal_fixed,0.8447265625,0.6309192931941356,0.2451202662056445,0.09339940262777335,0.0296466500003589,0.0,0.0,0.0,2
stage_a_uci_v1,norm,all,0,ab,43,uci_internal_fixed,0.880859375,0.4064307890545059,0.18061355934372308,0.0628215808161432,0.039519649995781905,0.0,0.0,0.0,2
stage_a_uci_v1,norm,all,0,ba,17,uci_internal_fixed,0.8583984375,0.5040305544153383,0.2166566601112965,0.08152206528958006,0.0253072499981499,0.0,0.0,0.0,2
stage_a_uci_v1,norm,all,0,ba,29,uci_internal_fixed,0.8447265625,0.6309192931941356,0.2451202662056445,0.09339940262777335,0.0289503499952843,0.0,0.0,0.0,2
stage_a_uci_v1,norm,all,0,ba,43,uci_internal_fixed,0.880859375,0.4064307890545059,0.18061355934372308,0.0628215808161432,0.03429899999900945,0.0,0.0,0.0,2
stage_a_uci_v1,norm,all,4,ab,17,uci_internal_fixed,0.8583984375,0.5040305544153383,0.2166566601112965,0.08152206528958006,0.0294045499977073,0.0,0.0,0.0,2
stage_a_uci_v1,norm,all,4,ab,29,uci_internal_fixed,0.8447265625,0.6309192931941356,0.2451202662056445,0.09339940262777335,0.03331839999736985,0.0,0.0,0.0,2
stage_a_uci_v1,norm,all,4,ab,43,uci_internal_fixed,0.880859375,0.4064307890545059,0.18061355934372308,0.0628215808161432,0.03669459999946405,0.0,0.0,0.0,2
stage_a_uci_v1,norm,all,4,ba,17,uci_internal_fixed,0.8583984375,0.5040305544153383,0.2166566601112965,0.08152206528958006,0.025876950006932,0.0,0.0,0.0,2
stage_a_uci_v1,norm,all,4,ba,29,uci_internal_fixed,0.8447265625,0.6309192931941356,0.2451202662056445,0.09339940262777335,0.0346623500081477,0.0,0.0,0.0,2
stage_a_uci_v1,norm,all,4,ba,43,uci_internal_fixed,0.880859375,0.4064307890545059,0.18061355934372308,0.0628215808161432,0.037646550001227255,0.0,0.0,0.0,2
stage_a_uci_v1,norm,none,0,ab,17,uci_internal_fixed,0.8583984375,0.5040305544153383,0.2166566601112965,0.08152206528958006,0.0272722000008798,0.0,0.0,0.0,2
stage_a_uci_v1,norm,none,0,ab,29,uci_internal_fixed,0.8447265625,0.6309192931941356,0.2451202662056445,0.09339940262777335,0.055255949999263955,0.0,0.0,0.0,2
stage_a_uci_v1,norm,none,0,ab,43,uci_internal_fixed,0.880859375,0.4064307890545059,0.18061355934372308,0.0628215808161432,0.0382285500018042,0.0,0.0,0.0,2
stage_a_uci_v1,norm,none,0,ba,17,uci_internal_fixed,0.8583984375,0.5040305544153383,0.2166566601112965,0.08152206528958006,0.028021150006679797,0.0,0.0,0.0,2
stage_a_uci_v1,norm,none,0,ba,29,uci_internal_fixed,0.8447265625,0.6309192931941356,0.2451202662056445,0.09339940262777335,0.0320812500067404,0.0,0.0,0.0,2
stage_a_uci_v1,norm,none,0,ba,43,uci_internal_fixed,0.880859375,0.4064307890545059,0.18061355934372308,0.0628215808161432,0.036430599997402155,0.0,0.0,0.0,2
stage_a_uci_v1,norm,none,4,ab,17,uci_internal_fixed,0.8583984375,0.5040305544153383,0.2166566601112965,0.08152206528958006,0.0269033999938983,0.0,0.0,0.0,2
stage_a_uci_v1,norm,none,4,ab,29,uci_internal_fixed,0.8447265625,0.6309192931941356,0.2451202662056445,0.09339940262777335,0.07079680000606456,0.0,0.0,0.0,2
stage_a_uci_v1,norm,none,4,ab,43,uci_internal_fixed,0.880859375,0.4064307890545059,0.18061355934372308,0.0628215808161432,0.033936050000193,0.0,0.0,0.0,2
stage_a_uci_v1,norm,none,4,ba,17,uci_internal_fixed,0.8583984375,0.5040305544153383,0.2166566601112965,0.08152206528958006,0.0317006000041146,0.0,0.0,0.0,2
stage_a_uci_v1,norm,none,4,ba,29,uci_internal_fixed,0.8447265625,0.6309192931941356,0.2451202662056445,0.09339940262777335,0.0521564000009675,0.0,0.0,0.0,2
stage_a_uci_v1,norm,none,4,ba,43,uci_internal_fixed,0.880859375,0.4064307890545059,0.18061355934372308,0.0628215808161432,0.036478950001765,0.0,0.0,0.0,2
stage_a_uci_v1,sar_complete,all,0,ab,17,uci_internal_fixed,0.859375,0.5037000013167998,0.21654437269545612,0.08057571605142086,0.19648515000153566,16.0,0.0,9.0,2
stage_a_uci_v1,sar_complete,all,0,ab,29,uci_internal_fixed,0.8447265625,0.6318433801107537,0.2452522483772659,0.0934922971484249,0.3388159999958589,16.0,0.0,8.5,2
stage_a_uci_v1,sar_complete,all,0,ab,43,uci_internal_fixed,0.880859375,0.4055330613767488,0.18031695420240773,0.06287706964942585,0.16460290000395617,16.0,0.0,8.0,2
stage_a_uci_v1,sar_complete,all,0,ba,17,uci_internal_fixed,0.859375,0.5037000013167998,0.21654437269545612,0.08057571605142086,0.1798564999917289,16.0,0.0,9.0,2
stage_a_uci_v1,sar_complete,all,0,ba,29,uci_internal_fixed,0.8447265625,0.6318433801107537,0.2452522483772659,0.0934922971484249,0.20552690000477014,16.0,0.0,8.5,2
stage_a_uci_v1,sar_complete,all,0,ba,43,uci_internal_fixed,0.880859375,0.4055330613767488,0.18031695420240773,0.06287706964942585,0.21842839999590064,16.0,0.0,8.0,2
stage_a_uci_v1,sar_complete,all,4,ab,17,uci_internal_fixed,0.859375,0.5037000013167998,0.21654437269545612,0.08057571605142086,0.1530577000012272,16.0,0.0,9.0,2
stage_a_uci_v1,sar_complete,all,4,ab,29,uci_internal_fixed,0.8447265625,0.6318433801107537,0.2452522483772659,0.0934922971484249,0.17200264999701176,16.0,0.0,8.5,2
stage_a_uci_v1,sar_complete,all,4,ab,43,uci_internal_fixed,0.880859375,0.4055330613767488,0.18031695420240773,0.06287706964942585,0.2394255500039435,16.0,0.0,8.0,2
stage_a_uci_v1,sar_complete,all,4,ba,17,uci_internal_fixed,0.859375,0.5037000013167998,0.21654437269545612,0.08057571605142086,0.14067590000195196,16.0,0.0,9.0,2
stage_a_uci_v1,sar_complete,all,4,ba,29,uci_internal_fixed,0.8447265625,0.6318433801107537,0.2452522483772659,0.0934922971484249,0.14965389999997564,16.0,0.0,8.5,2
stage_a_uci_v1,sar_complete,all,4,ba,43,uci_internal_fixed,0.880859375,0.4055330613767488,0.18031695420240773,0.06287706964942585,0.1644969000044511,16.0,0.0,8.0,2
stage_a_uci_v1,sar_complete,aux,0,ab,17,uci_internal_fixed,0.859375,0.503698549903575,0.21654373566293117,0.08057687450120081,0.15608459999930346,16.0,0.0,9.0,2
stage_a_uci_v1,sar_complete,aux,0,ab,29,uci_internal_fixed,0.8447265625,0.6318435146653553,0.24525235301770004,0.09349226239343,0.17901980000897305,16.0,0.0,8.5,2
stage_a_uci_v1,sar_complete,aux,0,ab,43,uci_internal_fixed,0.880859375,0.40553129810547567,0.1803167578216972,0.06287876273967889,0.20538555000530317,16.0,0.0,8.0,2
stage_a_uci_v1,sar_complete,aux,0,ba,17,uci_internal_fixed,0.859375,0.503699288810314,0.2165440424039253,0.08057627214565251,0.1391859999930602,16.0,0.0,9.0,2
stage_a_uci_v1,sar_complete,aux,0,ba,29,uci_internal_fixed,0.8447265625,0.6318434008784773,0.2452522676079189,0.09349224752339405,0.41914810000162106,16.0,0.0,8.5,2
stage_a_uci_v1,sar_complete,aux,0,ba,43,uci_internal_fixed,0.880859375,0.40553300778210555,0.18031694825704694,0.06287712112426609,0.177402549998078,16.0,0.0,8.0,2
stage_a_uci_v1,sar_complete,aux,4,ab,17,uci_internal_fixed,0.859375,0.5037000013167998,0.21654437269545612,0.08057571605142086,0.18893160000152415,16.0,0.0,9.0,2
stage_a_uci_v1,sar_complete,aux,4,ab,29,uci_internal_fixed,0.8447265625,0.6318433801107537,0.2452522483772659,0.0934922971484249,0.13097664999804692,16.0,0.0,8.5,2
stage_a_uci_v1,sar_complete,aux,4,ab,43,uci_internal_fixed,0.880859375,0.4055330613767488,0.18031695420240773,0.06287706964942585,0.2035541500008548,16.0,0.0,8.0,2
stage_a_uci_v1,sar_complete,aux,4,ba,17,uci_internal_fixed,0.859375,0.5037000013167998,0.21654437269545612,0.08057571605142086,0.1742127499965136,16.0,0.0,9.0,2
stage_a_uci_v1,sar_complete,aux,4,ba,29,uci_internal_fixed,0.8447265625,0.6318433801107537,0.2452522483772659,0.0934922971484249,0.14700825000181794,16.0,0.0,8.5,2
stage_a_uci_v1,sar_complete,aux,4,ba,43,uci_internal_fixed,0.880859375,0.4055330613767488,0.18031695420240773,0.06287706964942585,0.1878342999989399,16.0,0.0,8.0,2
stage_a_uci_v1,sar_complete,none,0,ab,17,uci_internal_fixed,0.8583984375,0.5041910631568645,0.21668658788135536,0.0815274040682121,0.1380510000017238,16.0,0.0,11.5,2
stage_a_uci_v1,sar_complete,none,0,ab,29,uci_internal_fixed,0.8447265625,0.6310401962076096,0.24513507703834234,0.0934082419371765,0.15623205000156298,16.0,0.0,13.5,2
stage_a_uci_v1,sar_complete,none,0,ab,43,uci_internal_fixed,0.880859375,0.40642774774184215,0.18061084884699802,0.06282332905460469,0.2144566499991924,16.0,0.0,13.5,2
stage_a_uci_v1,sar_complete,none,0,ba,17,uci_internal_fixed,0.8583984375,0.5040330793542003,0.21664599780433452,0.08152989594354004,0.15609609999955865,16.0,0.0,10.5,2
stage_a_uci_v1,sar_complete,none,0,ba,29,uci_internal_fixed,0.8447265625,0.6310450260353394,0.2451360271470333,0.09340779777830745,0.1405368499981705,16.0,0.0,13.0,2
stage_a_uci_v1,sar_complete,none,0,ba,43,uci_internal_fixed,0.880859375,0.40642945741847203,0.18061103928234776,0.06282168743919189,0.1863463000045158,16.0,0.0,13.5,2
stage_a_uci_v1,sar_complete,none,4,ab,17,uci_internal_fixed,0.8583984375,0.5037641486303785,0.21657729182921606,0.08153867859604605,0.16195375000825152,16.0,0.0,10.0,2
stage_a_uci_v1,sar_complete,none,4,ab,29,uci_internal_fixed,0.8447265625,0.6320447481779414,0.24530756036666548,0.0934954526290433,0.21280690000276076,16.0,0.0,9.0,2
stage_a_uci_v1,sar_complete,none,4,ab,43,uci_internal_fixed,0.880859375,0.4065084928958825,0.1806300931577187,0.0628265272126512,0.19509475000086235,16.0,0.0,11.5,2
stage_a_uci_v1,sar_complete,none,4,ba,17,uci_internal_fixed,0.859375,0.5038517687837049,0.21659213499645635,0.0805681462977542,0.19621370000095334,16.0,0.0,9.5,2
stage_a_uci_v1,sar_complete,none,4,ba,29,uci_internal_fixed,0.8447265625,0.6320447481779414,0.24530756036666548,0.0934954526290433,0.19074030000047054,16.0,0.0,9.0,2
stage_a_uci_v1,sar_complete,none,4,ba,43,uci_internal_fixed,0.880859375,0.4065084928958825,0.1806300931577187,0.0628265272126512,0.19297645000187907,16.0,0.0,11.5,2
stage_a_uci_v1,sar_complete,optimizer,0,ab,17,uci_internal_fixed,0.8583984375,0.5041910719180245,0.21668658789903744,0.08152739531957165,0.1350790500073344,16.0,0.0,11.5,2
stage_a_uci_v1,sar_complete,optimizer,0,ab,29,uci_internal_fixed,0.8447265625,0.6310401962076096,0.24513507703834234,0.0934082419371765,0.1347243499985779,16.0,0.0,13.5,2
stage_a_uci_v1,sar_complete,optimizer,0,ab,43,uci_internal_fixed,0.880859375,0.40642774774184215,0.18061084884699802,0.06282332905460469,0.2143754999997327,16.0,0.0,13.5,2
stage_a_uci_v1,sar_complete,optimizer,0,ba,17,uci_internal_fixed,0.8583984375,0.5040331431547219,0.216646030925671,0.08152986125904929,0.1754859500069869,16.0,0.0,10.5,2
stage_a_uci_v1,sar_complete,optimizer,0,ba,29,uci_internal_fixed,0.8447265625,0.6310450260353394,0.2451360271470333,0.09340779777830745,0.21415135000279406,16.0,0.0,13.0,2
stage_a_uci_v1,sar_complete,optimizer,0,ba,43,uci_internal_fixed,0.880859375,0.40642945741847203,0.18061103928234776,0.06282168743919189,0.18697039999096882,16.0,0.0,13.5,2
stage_a_uci_v1,sar_complete,optimizer,4,ab,17,uci_internal_fixed,0.8583984375,0.5037641486303785,0.21657729182921606,0.08153867859604605,0.1572247000003699,16.0,0.0,10.0,2
stage_a_uci_v1,sar_complete,optimizer,4,ab,29,uci_internal_fixed,0.8447265625,0.6320447481779414,0.24530756036666548,0.0934954526290433,0.1355715499958023,16.0,0.0,9.0,2
stage_a_uci_v1,sar_complete,optimizer,4,ab,43,uci_internal_fixed,0.880859375,0.4065084928958825,0.1806300931577187,0.0628265272126512,0.1888427500016405,16.0,0.0,11.5,2
stage_a_uci_v1,sar_complete,optimizer,4,ba,17,uci_internal_fixed,0.859375,0.5038517687837049,0.21659213499645635,0.0805681462977542,0.14935140000307,16.0,0.0,9.5,2
stage_a_uci_v1,sar_complete,optimizer,4,ba,29,uci_internal_fixed,0.8447265625,0.6320447481779414,0.24530756036666548,0.0934954526290433,0.13349629999720486,16.0,0.0,9.0,2
stage_a_uci_v1,sar_complete,optimizer,4,ba,43,uci_internal_fixed,0.880859375,0.4065084928958825,0.1806300931577187,0.0628265272126512,0.2283247500017751,16.0,0.0,11.5,2
stage_a_uci_v1,sar_complete,optimizer_aux,0,ab,17,uci_internal_fixed,0.859375,0.503698549903575,0.21654373566293117,0.08057687450120081,0.13515400000324004,16.0,0.0,9.0,2
stage_a_uci_v1,sar_complete,optimizer_aux,0,ab,29,uci_internal_fixed,0.8447265625,0.6318435146653553,0.24525235301770004,0.09349226239343,0.18786199999885866,16.0,0.0,8.5,2
stage_a_uci_v1,sar_complete,optimizer_aux,0,ab,43,uci_internal_fixed,0.880859375,0.40553129810547567,0.1803167578216972,0.06287876273967889,0.1930452999949921,16.0,0.0,8.0,2
stage_a_uci_v1,sar_complete,optimizer_aux,0,ba,17,uci_internal_fixed,0.859375,0.503699288810314,0.2165440424039253,0.08057627214565251,0.16447550000157204,16.0,0.0,9.0,2
stage_a_uci_v1,sar_complete,optimizer_aux,0,ba,29,uci_internal_fixed,0.8447265625,0.6318434008784773,0.2452522676079189,0.09349224752339405,0.2466293999968911,16.0,0.0,8.5,2
stage_a_uci_v1,sar_complete,optimizer_aux,0,ba,43,uci_internal_fixed,0.880859375,0.40553300778210555,0.18031694825704694,0.06287712112426609,0.17772750000585796,16.0,0.0,8.0,2
stage_a_uci_v1,sar_complete,optimizer_aux,4,ab,17,uci_internal_fixed,0.859375,0.5037000013167998,0.21654437269545612,0.08057571605142086,0.1593352499985485,16.0,0.0,9.0,2
stage_a_uci_v1,sar_complete,optimizer_aux,4,ab,29,uci_internal_fixed,0.8447265625,0.6318433801107537,0.2452522483772659,0.0934922971484249,0.15024635000008854,16.0,0.0,8.5,2
stage_a_uci_v1,sar_complete,optimizer_aux,4,ab,43,uci_internal_fixed,0.880859375,0.4055330613767488,0.18031695420240773,0.06287706964942585,0.3257089000035194,16.0,0.0,8.0,2
stage_a_uci_v1,sar_complete,optimizer_aux,4,ba,17,uci_internal_fixed,0.859375,0.5037000013167998,0.21654437269545612,0.08057571605142086,0.15588745000422932,16.0,0.0,9.0,2
stage_a_uci_v1,sar_complete,optimizer_aux,4,ba,29,uci_internal_fixed,0.8447265625,0.6318433801107537,0.2452522483772659,0.0934922971484249,0.1871141499941586,16.0,0.0,8.5,2
stage_a_uci_v1,sar_complete,optimizer_aux,4,ba,43,uci_internal_fixed,0.880859375,0.4055330613767488,0.18031695420240773,0.06287706964942585,0.2431360000118729,16.0,0.0,8.0,2
stage_a_uci_v1,sar_complete,parameters,0,ab,17,uci_internal_fixed,0.8583984375,0.5041926204920896,0.21668722437180815,0.08152613942305854,0.14501124999515008,16.0,0.0,11.5,2
stage_a_uci_v1,sar_complete,parameters,0,ab,29,uci_internal_fixed,0.8447265625,0.6310400616530081,0.24513497239790819,0.0934082766921714,0.1414798000041628,16.0,0.0,13.5,2
stage_a_uci_v1,sar_complete,parameters,0,ab,43,uci_internal_fixed,0.880859375,0.4064295110131153,0.18061104522770854,0.06282163596435164,0.15971705000993094,16.0,0.0,13.5,2
stage_a_uci_v1,sar_complete,parameters,0,ba,17,uci_internal_fixed,0.8583984375,0.5040344698716808,0.2166466240719374,0.08152882028571175,0.13183585000660963,16.0,0.0,10.5,2
stage_a_uci_v1,sar_complete,parameters,0,ba,29,uci_internal_fixed,0.8447265625,0.6310450052676158,0.2451360079163803,0.0934078474033383,0.14211815000453495,16.0,0.0,13.0,2
stage_a_uci_v1,sar_complete,parameters,0,ba,43,uci_internal_fixed,0.880859375,0.4064295110131153,0.18061104522770854,0.06282163596435164,0.1911572000026353,16.0,0.0,13.5,2
stage_a_uci_v1,sar_complete,parameters,4,ab,17,uci_internal_fixed,0.8583984375,0.5037641486303785,0.21657729182921606,0.08153867859604605,0.1610226999982842,16.0,0.0,10.0,2
stage_a_uci_v1,sar_complete,parameters,4,ab,29,uci_internal_fixed,0.8447265625,0.6320447481779414,0.24530756036666548,0.0934954526290433,0.16800184999738121,16.0,0.0,9.0,2
stage_a_uci_v1,sar_complete,parameters,4,ab,43,uci_internal_fixed,0.880859375,0.4065084928958825,0.1806300931577187,0.0628265272126512,0.16879350000090193,16.0,0.0,11.5,2
stage_a_uci_v1,sar_complete,parameters,4,ba,17,uci_internal_fixed,0.859375,0.5038517687837049,0.21659213499645635,0.0805681462977542,0.1578565000017988,16.0,0.0,9.5,2
stage_a_uci_v1,sar_complete,parameters,4,ba,29,uci_internal_fixed,0.8447265625,0.6320447481779414,0.24530756036666548,0.0934954526290433,0.1426447999983793,16.0,0.0,9.0,2
stage_a_uci_v1,sar_complete,parameters,4,ba,43,uci_internal_fixed,0.880859375,0.4065084928958825,0.1806300931577187,0.0628265272126512,0.16479450000042556,16.0,0.0,11.5,2
stage_a_uci_v1,sar_complete,parameters_aux,0,ab,17,uci_internal_fixed,0.859375,0.5037000013167998,0.21654437269545612,0.08057571605142086,0.13764999999693825,16.0,0.0,9.0,2
stage_a_uci_v1,sar_complete,parameters_aux,0,ab,29,uci_internal_fixed,0.8447265625,0.6318433801107537,0.2452522483772659,0.0934922971484249,0.36753460000909394,16.0,0.0,8.5,2
stage_a_uci_v1,sar_complete,parameters_aux,0,ab,43,uci_internal_fixed,0.880859375,0.4055330613767488,0.18031695420240773,0.06287706964942585,0.207885100004205,16.0,0.0,8.0,2
stage_a_uci_v1,sar_complete,parameters_aux,0,ba,17,uci_internal_fixed,0.859375,0.5037000013167998,0.21654437269545612,0.08057571605142086,0.14830899999651587,16.0,0.0,9.0,2
stage_a_uci_v1,sar_complete,parameters_aux,0,ba,29,uci_internal_fixed,0.8447265625,0.6318433801107537,0.2452522483772659,0.0934922971484249,0.17916420000256034,16.0,0.0,8.5,2
stage_a_uci_v1,sar_complete,parameters_aux,0,ba,43,uci_internal_fixed,0.880859375,0.4055330613767488,0.18031695420240773,0.06287706964942585,0.17949444999976544,16.0,0.0,8.0,2
stage_a_uci_v1,sar_complete,parameters_aux,4,ab,17,uci_internal_fixed,0.859375,0.5037000013167998,0.21654437269545612,0.08057571605142086,0.1716207500066957,16.0,0.0,9.0,2
stage_a_uci_v1,sar_complete,parameters_aux,4,ab,29,uci_internal_fixed,0.8447265625,0.6318433801107537,0.2452522483772659,0.0934922971484249,0.15388044999417616,16.0,0.0,8.5,2
stage_a_uci_v1,sar_complete,parameters_aux,4,ab,43,uci_internal_fixed,0.880859375,0.4055330613767488,0.18031695420240773,0.06287706964942585,0.22795710000355024,16.0,0.0,8.0,2
stage_a_uci_v1,sar_complete,parameters_aux,4,ba,17,uci_internal_fixed,0.859375,0.5037000013167998,0.21654437269545612,0.08057571605142086,0.15258710000489364,16.0,0.0,9.0,2
stage_a_uci_v1,sar_complete,parameters_aux,4,ba,29,uci_internal_fixed,0.8447265625,0.6318433801107537,0.2452522483772659,0.0934922971484249,0.1447776999993948,16.0,0.0,8.5,2
stage_a_uci_v1,sar_complete,parameters_aux,4,ba,43,uci_internal_fixed,0.880859375,0.4055330613767488,0.18031695420240773,0.06287706964942585,0.2789569500018842,16.0,0.0,8.0,2
stage_a_uci_v1,sar_complete,parameters_optimizer,0,ab,17,uci_internal_fixed,0.8583984375,0.5041926299953787,0.21668722440920746,0.0815261299385983,0.27060604999860516,16.0,0.0,11.5,2
stage_a_uci_v1,sar_complete,parameters_optimizer,0,ab,29,uci_internal_fixed,0.8447265625,0.6310400616530081,0.24513497239790819,0.0934082766921714,0.16432524999981973,16.0,0.0,13.5,2
stage_a_uci_v1,sar_complete,parameters_optimizer,0,ab,43,uci_internal_fixed,0.880859375,0.4064295110131153,0.18061104522770854,0.06282163596435164,0.1817623499955516,16.0,0.0,13.5,2
stage_a_uci_v1,sar_complete,parameters_optimizer,0,ba,17,uci_internal_fixed,0.8583984375,0.5040345386930848,0.21664665975108302,0.08152878177321685,0.1838160499974037,16.0,0.0,10.5,2
stage_a_uci_v1,sar_complete,parameters_optimizer,0,ba,29,uci_internal_fixed,0.8447265625,0.6310450052676158,0.2451360079163803,0.0934078474033383,0.1821002000069711,16.0,0.0,13.0,2
stage_a_uci_v1,sar_complete,parameters_optimizer,0,ba,43,uci_internal_fixed,0.880859375,0.4064295110131153,0.18061104522770854,0.06282163596435164,0.16715095000108698,16.0,0.0,13.5,2
stage_a_uci_v1,sar_complete,parameters_optimizer,4,ab,17,uci_internal_fixed,0.8583984375,0.5037641486303785,0.21657729182921606,0.08153867859604605,0.14798445000633365,16.0,0.0,10.0,2
stage_a_uci_v1,sar_complete,parameters_optimizer,4,ab,29,uci_internal_fixed,0.8447265625,0.6320447481779414,0.24530756036666548,0.0934954526290433,0.13214004999463208,16.0,0.0,9.0,2
stage_a_uci_v1,sar_complete,parameters_optimizer,4,ab,43,uci_internal_fixed,0.880859375,0.4065084928958825,0.1806300931577187,0.0628265272126512,0.1809433999951579,16.0,0.0,11.5,2
stage_a_uci_v1,sar_complete,parameters_optimizer,4,ba,17,uci_internal_fixed,0.859375,0.5038517687837049,0.21659213499645635,0.0805681462977542,0.18614150000212246,16.0,0.0,9.5,2
stage_a_uci_v1,sar_complete,parameters_optimizer,4,ba,29,uci_internal_fixed,0.8447265625,0.6320447481779414,0.24530756036666548,0.0934954526290433,0.14121289999457076,16.0,0.0,9.0,2
stage_a_uci_v1,sar_complete,parameters_optimizer,4,ba,43,uci_internal_fixed,0.880859375,0.4065084928958825,0.1806300931577187,0.0628265272126512,0.1823045500059379,16.0,0.0,11.5,2
stage_a_uci_v1,sar_complete,parameters_optimizer_aux,0,ab,17,uci_internal_fixed,0.859375,0.5037000013167998,0.21654437269545612,0.08057571605142086,0.16931355000269832,16.0,0.0,9.0,2
stage_a_uci_v1,sar_complete,parameters_optimizer_aux,0,ab,29,uci_internal_fixed,0.8447265625,0.6318433801107537,0.2452522483772659,0.0934922971484249,0.19017270000040293,16.0,0.0,8.5,2
stage_a_uci_v1,sar_complete,parameters_optimizer_aux,0,ab,43,uci_internal_fixed,0.880859375,0.4055330613767488,0.18031695420240773,0.06287706964942585,0.187796199999866,16.0,0.0,8.0,2
stage_a_uci_v1,sar_complete,parameters_optimizer_aux,0,ba,17,uci_internal_fixed,0.859375,0.5037000013167998,0.21654437269545612,0.08057571605142086,0.5417149000058998,16.0,0.0,9.0,2
stage_a_uci_v1,sar_complete,parameters_optimizer_aux,0,ba,29,uci_internal_fixed,0.8447265625,0.6318433801107537,0.2452522483772659,0.0934922971484249,0.24640429999999464,16.0,0.0,8.5,2
stage_a_uci_v1,sar_complete,parameters_optimizer_aux,0,ba,43,uci_internal_fixed,0.880859375,0.4055330613767488,0.18031695420240773,0.06287706964942585,0.18341339999460615,16.0,0.0,8.0,2
stage_a_uci_v1,sar_complete,parameters_optimizer_aux,4,ab,17,uci_internal_fixed,0.859375,0.5037000013167998,0.21654437269545612,0.08057571605142086,0.16296220000367612,16.0,0.0,9.0,2
stage_a_uci_v1,sar_complete,parameters_optimizer_aux,4,ab,29,uci_internal_fixed,0.8447265625,0.6318433801107537,0.2452522483772659,0.0934922971484249,0.20030934999522285,16.0,0.0,8.5,2
stage_a_uci_v1,sar_complete,parameters_optimizer_aux,4,ab,43,uci_internal_fixed,0.880859375,0.4055330613767488,0.18031695420240773,0.06287706964942585,0.2584394500008784,16.0,0.0,8.0,2
stage_a_uci_v1,sar_complete,parameters_optimizer_aux,4,ba,17,uci_internal_fixed,0.859375,0.5037000013167998,0.21654437269545612,0.08057571605142086,0.1646592999968561,16.0,0.0,9.0,2
stage_a_uci_v1,sar_complete,parameters_optimizer_aux,4,ba,29,uci_internal_fixed,0.8447265625,0.6318433801107537,0.2452522483772659,0.0934922971484249,0.31362719999742694,16.0,0.0,8.5,2
stage_a_uci_v1,sar_complete,parameters_optimizer_aux,4,ba,43,uci_internal_fixed,0.880859375,0.4055330613767488,0.18031695420240773,0.06287706964942585,0.2703378499936661,16.0,0.0,8.0,2
stage_a_uci_v1,source,all,0,ab,17,uci_internal_fixed,0.8681640625,0.39369090117525873,0.19237211218524314,0.04125574814589005,0.02138325000123585,0.0,0.0,0.0,2
stage_a_uci_v1,source,all,0,ab,29,uci_internal_fixed,0.84375,0.49965523580356414,0.2361934600178015,0.03959627423661675,0.0293827499990584,0.0,0.0,0.0,2
stage_a_uci_v1,source,all,0,ab,43,uci_internal_fixed,0.73046875,0.7622904980643,0.3899955651400401,0.1503717455661486,0.0312101000017719,0.0,0.0,0.0,2
stage_a_uci_v1,source,all,0,ba,17,uci_internal_fixed,0.8681640625,0.39369090117525873,0.19237211218524314,0.04125574814589005,0.02014124999550395,0.0,0.0,0.0,2
stage_a_uci_v1,source,all,0,ba,29,uci_internal_fixed,0.84375,0.49965523580356414,0.2361934600178015,0.03959627423661675,0.0271479499933775,0.0,0.0,0.0,2
stage_a_uci_v1,source,all,0,ba,43,uci_internal_fixed,0.73046875,0.7622904980643,0.3899955651400401,0.1503717455661486,0.029925249997177147,0.0,0.0,0.0,2
stage_a_uci_v1,source,all,4,ab,17,uci_internal_fixed,0.8681640625,0.39369090117525873,0.19237211218524314,0.04125574814589005,0.0223151500031235,0.0,0.0,0.0,2
stage_a_uci_v1,source,all,4,ab,29,uci_internal_fixed,0.84375,0.49965523580356414,0.2361934600178015,0.03959627423661675,0.031502950005233246,0.0,0.0,0.0,2
stage_a_uci_v1,source,all,4,ab,43,uci_internal_fixed,0.73046875,0.7622904980643,0.3899955651400401,0.1503717455661486,0.030353200003446504,0.0,0.0,0.0,2
stage_a_uci_v1,source,all,4,ba,17,uci_internal_fixed,0.8681640625,0.39369090117525873,0.19237211218524314,0.04125574814589005,0.0218616499987547,0.0,0.0,0.0,2
stage_a_uci_v1,source,all,4,ba,29,uci_internal_fixed,0.84375,0.49965523580356414,0.2361934600178015,0.03959627423661675,0.02962979999574595,0.0,0.0,0.0,2
stage_a_uci_v1,source,all,4,ba,43,uci_internal_fixed,0.73046875,0.7622904980643,0.3899955651400401,0.1503717455661486,0.03051075000257695,0.0,0.0,0.0,2
stage_a_uci_v1,source,none,0,ab,17,uci_internal_fixed,0.8681640625,0.39369090117525873,0.19237211218524314,0.04125574814589005,0.0388731499988352,0.0,0.0,0.0,2
stage_a_uci_v1,source,none,0,ab,29,uci_internal_fixed,0.84375,0.49965523580356414,0.2361934600178015,0.03959627423661675,0.042169500004092655,0.0,0.0,0.0,2
stage_a_uci_v1,source,none,0,ab,43,uci_internal_fixed,0.73046875,0.7622904980643,0.3899955651400401,0.1503717455661486,0.037716849998105303,0.0,0.0,0.0,2
stage_a_uci_v1,source,none,0,ba,17,uci_internal_fixed,0.8681640625,0.39369090117525873,0.19237211218524314,0.04125574814589005,0.02111549999972335,0.0,0.0,0.0,2
stage_a_uci_v1,source,none,0,ba,29,uci_internal_fixed,0.84375,0.49965523580356414,0.2361934600178015,0.03959627423661675,0.03129910000279775,0.0,0.0,0.0,2
stage_a_uci_v1,source,none,0,ba,43,uci_internal_fixed,0.73046875,0.7622904980643,0.3899955651400401,0.1503717455661486,0.02894465000281335,0.0,0.0,0.0,2
stage_a_uci_v1,source,none,4,ab,17,uci_internal_fixed,0.8681640625,0.39369090117525873,0.19237211218524314,0.04125574814589005,0.02166854999813945,0.0,0.0,0.0,2
stage_a_uci_v1,source,none,4,ab,29,uci_internal_fixed,0.84375,0.49965523580356414,0.2361934600178015,0.03959627423661675,0.02920889999222705,0.0,0.0,0.0,2
stage_a_uci_v1,source,none,4,ab,43,uci_internal_fixed,0.73046875,0.7622904980643,0.3899955651400401,0.1503717455661486,0.02884149999590585,0.0,0.0,0.0,2
stage_a_uci_v1,source,none,4,ba,17,uci_internal_fixed,0.8681640625,0.39369090117525873,0.19237211218524314,0.04125574814589005,0.021903549997659852,0.0,0.0,0.0,2
stage_a_uci_v1,source,none,4,ba,29,uci_internal_fixed,0.84375,0.49965523580356414,0.2361934600178015,0.03959627423661675,0.029227949999039948,0.0,0.0,0.0,2
stage_a_uci_v1,source,none,4,ba,43,uci_internal_fixed,0.73046875,0.7622904980643,0.3899955651400401,0.1503717455661486,0.0299707000012858,0.0,0.0,0.0,2
stage_a_uci_v1,tent,all,0,ab,17,uci_internal_fixed,0.859375,0.5038094188406126,0.21656771148689508,0.08059263206845049,0.07034930000372691,16.0,0.0,0.0,2
stage_a_uci_v1,tent,all,0,ab,29,uci_internal_fixed,0.8447265625,0.6329752572847591,0.24550775070835953,0.09353063621526654,0.10956549999536941,16.0,0.0,0.0,2
stage_a_uci_v1,tent,all,0,ab,43,uci_internal_fixed,0.880859375,0.4056525191548072,0.1803498760320491,0.06287464072694365,0.1214245999944978,16.0,0.0,0.0,2
stage_a_uci_v1,tent,all,0,ba,17,uci_internal_fixed,0.859375,0.5038094188406126,0.21656771148689508,0.08059263206845049,0.07090859999152595,16.0,0.0,0.0,2
stage_a_uci_v1,tent,all,0,ba,29,uci_internal_fixed,0.8447265625,0.6329752572847591,0.24550775070835953,0.09353063621526654,0.10751909999817139,16.0,0.0,0.0,2
stage_a_uci_v1,tent,all,0,ba,43,uci_internal_fixed,0.880859375,0.4056525191548072,0.1803498760320491,0.06287464072694365,0.08640074999857456,16.0,0.0,0.0,2
stage_a_uci_v1,tent,all,4,ab,17,uci_internal_fixed,0.859375,0.5038094188406126,0.21656771148689508,0.08059263206845049,0.072698850010056,16.0,0.0,0.0,2
stage_a_uci_v1,tent,all,4,ab,29,uci_internal_fixed,0.8447265625,0.6329752572847591,0.24550775070835953,0.09353063621526654,0.08443120000447375,16.0,0.0,0.0,2
stage_a_uci_v1,tent,all,4,ab,43,uci_internal_fixed,0.880859375,0.4056525191548072,0.1803498760320491,0.06287464072694365,0.0848412999985157,16.0,0.0,0.0,2
stage_a_uci_v1,tent,all,4,ba,17,uci_internal_fixed,0.859375,0.5038094188406126,0.21656771148689508,0.08059263206845049,0.0794771999935619,16.0,0.0,0.0,2
stage_a_uci_v1,tent,all,4,ba,29,uci_internal_fixed,0.8447265625,0.6329752572847591,0.24550775070835953,0.09353063621526654,0.0800889000020106,16.0,0.0,0.0,2
stage_a_uci_v1,tent,all,4,ba,43,uci_internal_fixed,0.880859375,0.4056525191548072,0.1803498760320491,0.06287464072694365,0.07778355000482405,16.0,0.0,0.0,2
stage_a_uci_v1,tent,aux,0,ab,17,uci_internal_fixed,0.8603515625,0.5033290309695039,0.2164064086256196,0.08018694152575101,0.08275919999869069,16.0,0.0,0.0,2
stage_a_uci_v1,tent,aux,0,ab,29,uci_internal_fixed,0.8447265625,0.6324358882615164,0.24536689332633063,0.0942154772202387,0.07021255001018284,16.0,0.0,0.0,2
stage_a_uci_v1,tent,aux,0,ab,43,uci_internal_fixed,0.880859375,0.4060272281629106,0.18043041760661999,0.0636356856401231,0.0989743000027374,16.0,0.0,0.0,2
stage_a_uci_v1,tent,aux,0,ba,17,uci_internal_fixed,0.859375,0.5033519807094681,0.2164203477169167,0.08066415532717605,0.0763151500068488,16.0,0.0,0.0,2
stage_a_uci_v1,tent,aux,0,ba,29,uci_internal_fixed,0.8447265625,0.6324180885745352,0.2453695265543725,0.09421069390531489,0.0728431000025011,16.0,0.0,0.0,2
stage_a_uci_v1,tent,aux,0,ba,43,uci_internal_fixed,0.880859375,0.4059435949477067,0.180407139041165,0.06361702841265371,0.10193774999788724,16.0,0.0,0.0,2
stage_a_uci_v1,tent,aux,4,ab,17,uci_internal_fixed,0.861328125,0.5031103634542742,0.21632614900073266,0.08104205295830551,0.08085240000218614,16.0,0.0,0.0,2
stage_a_uci_v1,tent,aux,4,ab,29,uci_internal_fixed,0.8447265625,0.6349798384941314,0.24590809641769834,0.09286363632924885,0.0770673000006354,16.0,0.0,0.0,2
stage_a_uci_v1,tent,aux,4,ab,43,uci_internal_fixed,0.880859375,0.4051554538598498,0.18013291708167545,0.06368272313596515,0.11452945000200995,16.0,0.0,0.0,2
stage_a_uci_v1,tent,aux,4,ba,17,uci_internal_fixed,0.861328125,0.5031273246395818,0.21633570552013445,0.0810362302589976,0.07141834999492849,16.0,0.0,0.0,2
stage_a_uci_v1,tent,aux,4,ba,29,uci_internal_fixed,0.8447265625,0.6349653131028378,0.24590875879253754,0.09285647973037535,0.12431419999484206,16.0,0.0,0.0,2
stage_a_uci_v1,tent,aux,4,ba,43,uci_internal_fixed,0.880859375,0.4051011601661464,0.1801179342450303,0.06367046954143735,0.1076890000040293,16.0,0.0,0.0,2
stage_a_uci_v1,tent,none,0,ab,17,uci_internal_fixed,0.8603515625,0.5033290309695039,0.2164064086256196,0.08018694152575101,0.06939124999189515,16.0,0.0,0.0,2
stage_a_uci_v1,tent,none,0,ab,29,uci_internal_fixed,0.8447265625,0.6324358882615164,0.24536689332633063,0.0942154772202387,0.0846671999970567,16.0,0.0,0.0,2
stage_a_uci_v1,tent,none,0,ab,43,uci_internal_fixed,0.880859375,0.4060272281629106,0.18043041760661999,0.0636356856401231,0.11351195000315781,16.0,0.0,0.0,2
stage_a_uci_v1,tent,none,0,ba,17,uci_internal_fixed,0.859375,0.5033519807094681,0.2164203477169167,0.08066415532717605,0.0772770000039599,16.0,0.0,0.0,2
stage_a_uci_v1,tent,none,0,ba,29,uci_internal_fixed,0.8447265625,0.6324180885745352,0.2453695265543725,0.09421069390531489,0.07141680000495396,16.0,0.0,0.0,2
stage_a_uci_v1,tent,none,0,ba,43,uci_internal_fixed,0.880859375,0.4059435949477067,0.180407139041165,0.06361702841265371,0.128941200004192,16.0,0.0,0.0,2
stage_a_uci_v1,tent,none,4,ab,17,uci_internal_fixed,0.861328125,0.5031103634542742,0.21632614900073266,0.08104205295830551,0.08290299999498525,16.0,0.0,0.0,2
stage_a_uci_v1,tent,none,4,ab,29,uci_internal_fixed,0.8447265625,0.6349798384941314,0.24590809641769834,0.09286363632924885,0.08559830000012875,16.0,0.0,0.0,2
stage_a_uci_v1,tent,none,4,ab,43,uci_internal_fixed,0.880859375,0.4051554538598498,0.18013291708167545,0.06368272313596515,0.09719279999990245,16.0,0.0,0.0,2
stage_a_uci_v1,tent,none,4,ba,17,uci_internal_fixed,0.861328125,0.5031273246395818,0.21633570552013445,0.0810362302589976,0.08100240000203479,16.0,0.0,0.0,2
stage_a_uci_v1,tent,none,4,ba,29,uci_internal_fixed,0.8447265625,0.6349653131028378,0.24590875879253754,0.09285647973037535,0.07565330000215906,16.0,0.0,0.0,2
stage_a_uci_v1,tent,none,4,ba,43,uci_internal_fixed,0.880859375,0.4051011601661464,0.1801179342450303,0.06367046954143735,0.0967672500046319,16.0,0.0,0.0,2
stage_a_uci_v1,tent,optimizer,0,ab,17,uci_internal_fixed,0.8603515625,0.5034037528019594,0.2164270884034694,0.08017419272469095,0.09783575000619746,16.0,0.0,0.0,2
stage_a_uci_v1,tent,optimizer,0,ab,29,uci_internal_fixed,0.8447265625,0.6327053429929421,0.2454230394064824,0.09421101263479015,0.0813915499966242,16.0,0.0,0.0,2
stage_a_uci_v1,tent,optimizer,0,ab,43,uci_internal_fixed,0.880859375,0.4059531950813955,0.1804137895182144,0.0629645701973476,0.1724193000045488,16.0,0.0,0.0,2
stage_a_uci_v1,tent,optimizer,0,ba,17,uci_internal_fixed,0.859375,0.5034433210868962,0.2164548316463341,0.0806380824998738,0.08746185000200055,16.0,0.0,0.0,2
stage_a_uci_v1,tent,optimizer,0,ba,29,uci_internal_fixed,0.8447265625,0.6326695898581236,0.24542670046290604,0.0935521895726693,0.07792994999181245,16.0,0.0,0.0,2
stage_a_uci_v1,tent,optimizer,0,ba,43,uci_internal_fixed,0.880859375,0.4057608183727183,0.1803686088299253,0.06357876821543634,0.0995839500028523,16.0,0.0,0.0,2
stage_a_uci_v1,tent,optimizer,4,ab,17,uci_internal_fixed,0.861328125,0.5032504527299361,0.21637771653046245,0.0810193130455,0.11659549999603765,16.0,0.0,0.0,2
stage_a_uci_v1,tent,optimizer,4,ab,29,uci_internal_fixed,0.8447265625,0.6332747089410309,0.24554409056628054,0.09294454274194876,0.0662500499965972,16.0,0.0,0.0,2
stage_a_uci_v1,tent,optimizer,4,ab,43,uci_internal_fixed,0.880859375,0.4056431411363059,0.18030578042063886,0.06299301683103435,0.08746034999785475,16.0,0.0,0.0,2
stage_a_uci_v1,tent,optimizer,4,ba,17,uci_internal_fixed,0.861328125,0.5032762370676905,0.2163957223377167,0.08100778344309605,0.08174764999421305,16.0,0.0,0.0,2
stage_a_uci_v1,tent,optimizer,4,ba,29,uci_internal_fixed,0.8447265625,0.6332507321005663,0.24554609486477147,0.0929401153655665,0.14558679999754526,16.0,0.0,0.0,2
stage_a_uci_v1,tent,optimizer,4,ba,43,uci_internal_fixed,0.880859375,0.40551609283757867,0.18027586789803043,0.0636203669891081,0.11491220000607424,16.0,0.0,0.0,2
stage_a_uci_v1,tent,optimizer_aux,0,ab,17,uci_internal_fixed,0.8603515625,0.5034037528019594,0.2164270884034694,0.08017419272469095,0.0662058000089018,16.0,0.0,0.0,2
stage_a_uci_v1,tent,optimizer_aux,0,ab,29,uci_internal_fixed,0.8447265625,0.6327053429929421,0.2454230394064824,0.09421101263479015,0.07690820000425444,16.0,0.0,0.0,2
stage_a_uci_v1,tent,optimizer_aux,0,ab,43,uci_internal_fixed,0.880859375,0.4059531950813955,0.1804137895182144,0.0629645701973476,0.0895865999991656,16.0,0.0,0.0,2
stage_a_uci_v1,tent,optimizer_aux,0,ba,17,uci_internal_fixed,0.859375,0.5034433210868962,0.2164548316463341,0.0806380824998738,0.08840550000604705,16.0,0.0,0.0,2
stage_a_uci_v1,tent,optimizer_aux,0,ba,29,uci_internal_fixed,0.8447265625,0.6326695898581236,0.24542670046290604,0.0935521895726693,0.07369520000065675,16.0,0.0,0.0,2
stage_a_uci_v1,tent,optimizer_aux,0,ba,43,uci_internal_fixed,0.880859375,0.4057608183727183,0.1803686088299253,0.06357876821543634,0.07881790000101316,16.0,0.0,0.0,2
stage_a_uci_v1,tent,optimizer_aux,4,ab,17,uci_internal_fixed,0.861328125,0.5032504527299361,0.21637771653046245,0.0810193130455,0.0810153999991598,16.0,0.0,0.0,2
stage_a_uci_v1,tent,optimizer_aux,4,ab,29,uci_internal_fixed,0.8447265625,0.6332747089410309,0.24554409056628054,0.09294454274194876,0.07658174999960465,16.0,0.0,0.0,2
stage_a_uci_v1,tent,optimizer_aux,4,ab,43,uci_internal_fixed,0.880859375,0.4056431411363059,0.18030578042063886,0.06299301683103435,0.08556569999927885,16.0,0.0,0.0,2
stage_a_uci_v1,tent,optimizer_aux,4,ba,17,uci_internal_fixed,0.861328125,0.5032762370676905,0.2163957223377167,0.08100778344309605,0.08158779999939719,16.0,0.0,0.0,2
stage_a_uci_v1,tent,optimizer_aux,4,ba,29,uci_internal_fixed,0.8447265625,0.6332507321005663,0.24554609486477147,0.0929401153655665,0.0749044999975012,16.0,0.0,0.0,2
stage_a_uci_v1,tent,optimizer_aux,4,ba,43,uci_internal_fixed,0.880859375,0.40551609283757867,0.18027586789803043,0.0636203669891081,0.08511424999596781,16.0,0.0,0.0,2
stage_a_uci_v1,tent,parameters,0,ab,17,uci_internal_fixed,0.859375,0.5037357180248052,0.21654701220291023,0.0806069918029438,0.07218729999294735,16.0,0.0,0.0,2
stage_a_uci_v1,tent,parameters,0,ab,29,uci_internal_fixed,0.8447265625,0.6327035834352337,0.24545066349121644,0.0935352071896381,0.06345175000024025,16.0,0.0,0.0,2
stage_a_uci_v1,tent,parameters,0,ab,43,uci_internal_fixed,0.880859375,0.4057255673288713,0.18036610327834152,0.06289404616470935,0.10699500000191615,16.0,0.0,0.0,2
stage_a_uci_v1,tent,parameters,0,ba,17,uci_internal_fixed,0.859375,0.5037222330867153,0.21653407000510672,0.08061911659979434,0.09759584999119389,16.0,0.0,0.0,2
stage_a_uci_v1,tent,parameters,0,ba,29,uci_internal_fixed,0.8447265625,0.6327195273069306,0.2454492569083861,0.09353822668981421,0.07808340000337916,16.0,0.0,0.0,2
stage_a_uci_v1,tent,parameters,0,ba,43,uci_internal_fixed,0.880859375,0.4058329529956203,0.1803874888047333,0.06291200327538955,0.10882334999769225,16.0,0.0,0.0,2
stage_a_uci_v1,tent,parameters,4,ab,17,uci_internal_fixed,0.859375,0.5036687420458444,0.2165156663145436,0.0806275751283608,0.08427035000204336,16.0,0.0,0.0,2
stage_a_uci_v1,tent,parameters,4,ab,29,uci_internal_fixed,0.8447265625,0.634676043723535,0.245870312242852,0.09361801146404845,0.07123770000180225,16.0,0.0,0.0,2
stage_a_uci_v1,tent,parameters,4,ab,43,uci_internal_fixed,0.880859375,0.40516130514872817,0.1801756355831121,0.0629137464560561,0.08802414999809116,16.0,0.0,0.0,2
stage_a_uci_v1,tent,parameters,4,ba,17,uci_internal_fixed,0.859375,0.5036606918559201,0.2165073141444036,0.08063557464399465,0.0823378000059165,16.0,0.0,0.0,2
stage_a_uci_v1,tent,parameters,4,ba,29,uci_internal_fixed,0.8447265625,0.6346834765094637,0.2458683141654962,0.0930991063041811,0.06825469999603226,16.0,0.0,0.0,2
stage_a_uci_v1,tent,parameters,4,ba,43,uci_internal_fixed,0.880859375,0.40523303624407503,0.18019012666772286,0.0629255753984213,0.12287834999733599,16.0,0.0,0.0,2
stage_a_uci_v1,tent,parameters_aux,0,ab,17,uci_internal_fixed,0.859375,0.5037357180248052,0.21654701220291023,0.0806069918029438,0.07780049999564645,16.0,0.0,0.0,2
stage_a_uci_v1,tent,parameters_aux,0,ab,29,uci_internal_fixed,0.8447265625,0.6327035834352337,0.24545066349121644,0.0935352071896381,0.06762714999786104,16.0,0.0,0.0,2
stage_a_uci_v1,tent,parameters_aux,0,ab,43,uci_internal_fixed,0.880859375,0.4057255673288713,0.18036610327834152,0.06289404616470935,0.17849430000205757,16.0,0.0,0.0,2
stage_a_uci_v1,tent,parameters_aux,0,ba,17,uci_internal_fixed,0.859375,0.5037222330867153,0.21653407000510672,0.08061911659979434,0.07225189999735446,16.0,0.0,0.0,2
stage_a_uci_v1,tent,parameters_aux,0,ba,29,uci_internal_fixed,0.8447265625,0.6327195273069306,0.2454492569083861,0.09353822668981421,0.06883249999373214,16.0,0.0,0.0,2
stage_a_uci_v1,tent,parameters_aux,0,ba,43,uci_internal_fixed,0.880859375,0.4058329529956203,0.1803874888047333,0.06291200327538955,0.1128029000028618,16.0,0.0,0.0,2
stage_a_uci_v1,tent,parameters_aux,4,ab,17,uci_internal_fixed,0.859375,0.5036687420458444,0.2165156663145436,0.0806275751283608,0.06948440000269325,16.0,0.0,0.0,2
stage_a_uci_v1,tent,parameters_aux,4,ab,29,uci_internal_fixed,0.8447265625,0.634676043723535,0.245870312242852,0.09361801146404845,0.0840021999974851,16.0,0.0,0.0,2
stage_a_uci_v1,tent,parameters_aux,4,ab,43,uci_internal_fixed,0.880859375,0.40516130514872817,0.1801756355831121,0.0629137464560561,0.108558300002187,16.0,0.0,0.0,2
stage_a_uci_v1,tent,parameters_aux,4,ba,17,uci_internal_fixed,0.859375,0.5036606918559201,0.2165073141444036,0.08063557464399465,0.07084774999384535,16.0,0.0,0.0,2
stage_a_uci_v1,tent,parameters_aux,4,ba,29,uci_internal_fixed,0.8447265625,0.6346834765094637,0.2458683141654962,0.0930991063041811,0.0783845000041765,16.0,0.0,0.0,2
stage_a_uci_v1,tent,parameters_aux,4,ba,43,uci_internal_fixed,0.880859375,0.40523303624407503,0.18019012666772286,0.0629255753984213,0.08542770000349259,16.0,0.0,0.0,2
stage_a_uci_v1,tent,parameters_optimizer,0,ab,17,uci_internal_fixed,0.859375,0.5038094188406126,0.21656771148689508,0.08059263206845049,0.07994594999763645,16.0,0.0,0.0,2
stage_a_uci_v1,tent,parameters_optimizer,0,ab,29,uci_internal_fixed,0.8447265625,0.6329752572847591,0.24550775070835953,0.09353063621526654,0.0758271500017144,16.0,0.0,0.0,2
stage_a_uci_v1,tent,parameters_optimizer,0,ab,43,uci_internal_fixed,0.880859375,0.4056525191548072,0.1803498760320491,0.06287464072694365,0.1143618000060087,16.0,0.0,0.0,2
stage_a_uci_v1,tent,parameters_optimizer,0,ba,17,uci_internal_fixed,0.859375,0.5038094188406126,0.21656771148689508,0.08059263206845049,0.08158634999563215,16.0,0.0,0.0,2
stage_a_uci_v1,tent,parameters_optimizer,0,ba,29,uci_internal_fixed,0.8447265625,0.6329752572847591,0.24550775070835953,0.09353063621526654,0.06652314999519146,16.0,0.0,0.0,2
stage_a_uci_v1,tent,parameters_optimizer,0,ba,43,uci_internal_fixed,0.880859375,0.4056525191548072,0.1803498760320491,0.06287464072694365,0.1052393999998457,16.0,0.0,0.0,2
stage_a_uci_v1,tent,parameters_optimizer,4,ab,17,uci_internal_fixed,0.859375,0.5038094188406126,0.21656771148689508,0.08059263206845049,0.0840169999937643,16.0,0.0,0.0,2
stage_a_uci_v1,tent,parameters_optimizer,4,ab,29,uci_internal_fixed,0.8447265625,0.6329752572847591,0.24550775070835953,0.09353063621526654,0.0747625500007416,16.0,0.0,0.0,2
stage_a_uci_v1,tent,parameters_optimizer,4,ab,43,uci_internal_fixed,0.880859375,0.4056525191548072,0.1803498760320491,0.06287464072694365,0.08813590000499971,16.0,0.0,0.0,2
stage_a_uci_v1,tent,parameters_optimizer,4,ba,17,uci_internal_fixed,0.859375,0.5038094188406126,0.21656771148689508,0.08059263206845049,0.0997504999977536,16.0,0.0,0.0,2
stage_a_uci_v1,tent,parameters_optimizer,4,ba,29,uci_internal_fixed,0.8447265625,0.6329752572847591,0.24550775070835953,0.09353063621526654,0.07537350000347935,16.0,0.0,0.0,2
stage_a_uci_v1,tent,parameters_optimizer,4,ba,43,uci_internal_fixed,0.880859375,0.4056525191548072,0.1803498760320491,0.06287464072694365,0.07981355000083559,16.0,0.0,0.0,2
stage_a_uci_v1,tent,parameters_optimizer_aux,0,ab,17,uci_internal_fixed,0.859375,0.5038094188406126,0.21656771148689508,0.08059263206845049,0.06978179999714479,16.0,0.0,0.0,2
stage_a_uci_v1,tent,parameters_optimizer_aux,0,ab,29,uci_internal_fixed,0.8447265625,0.6329752572847591,0.24550775070835953,0.09353063621526654,0.07595964999927671,16.0,0.0,0.0,2
stage_a_uci_v1,tent,parameters_optimizer_aux,0,ab,43,uci_internal_fixed,0.880859375,0.4056525191548072,0.1803498760320491,0.06287464072694365,0.1143241000027046,16.0,0.0,0.0,2
stage_a_uci_v1,tent,parameters_optimizer_aux,0,ba,17,uci_internal_fixed,0.859375,0.5038094188406126,0.21656771148689508,0.08059263206845049,0.06819499999983235,16.0,0.0,0.0,2
stage_a_uci_v1,tent,parameters_optimizer_aux,0,ba,29,uci_internal_fixed,0.8447265625,0.6329752572847591,0.24550775070835953,0.09353063621526654,0.0806244000050355,16.0,0.0,0.0,2
stage_a_uci_v1,tent,parameters_optimizer_aux,0,ba,43,uci_internal_fixed,0.880859375,0.4056525191548072,0.1803498760320491,0.06287464072694365,0.0890834500023629,16.0,0.0,0.0,2
stage_a_uci_v1,tent,parameters_optimizer_aux,4,ab,17,uci_internal_fixed,0.859375,0.5038094188406126,0.21656771148689508,0.08059263206845049,0.07350435000262215,16.0,0.0,0.0,2
stage_a_uci_v1,tent,parameters_optimizer_aux,4,ab,29,uci_internal_fixed,0.8447265625,0.6329752572847591,0.24550775070835953,0.09353063621526654,0.0739540499926079,16.0,0.0,0.0,2
stage_a_uci_v1,tent,parameters_optimizer_aux,4,ab,43,uci_internal_fixed,0.880859375,0.4056525191548072,0.1803498760320491,0.06287464072694365,0.09897570000612174,16.0,0.0,0.0,2
stage_a_uci_v1,tent,parameters_optimizer_aux,4,ba,17,uci_internal_fixed,0.859375,0.5038094188406126,0.21656771148689508,0.08059263206845049,0.07471990000340151,16.0,0.0,0.0,2
stage_a_uci_v1,tent,parameters_optimizer_aux,4,ba,29,uci_internal_fixed,0.8447265625,0.6329752572847591,0.24550775070835953,0.09353063621526654,0.0820117999974172,16.0,0.0,0.0,2
stage_a_uci_v1,tent,parameters_optimizer_aux,4,ba,43,uci_internal_fixed,0.880859375,0.4056525191548072,0.1803498760320491,0.06287464072694365,0.08832870000333054,16.0,0.0,0.0,2
