experiment_id,seed,panel_id,scenario,washout_batches,direction,method,intervention,accuracy_change,nll_change,brier_change,ece15_change,error_change
stage_a_uci_v2,17,uci_internal_fixed,noise_brightness_to_blur,0,ab,source,none,0.01953125,-0.22122836570593496,-0.04896559712168119,-0.0817673680828434,-0.01953125
stage_a_uci_v2,17,uci_internal_fixed,noise_brightness_to_blur,0,ba,source,none,0.01953125,-0.22122836570593496,-0.04896559712168119,-0.0817673680828434,-0.01953125
stage_a_uci_v2,17,uci_internal_fixed,noise_brightness_to_blur,0,ab,source,all,0.01953125,-0.22122836570593496,-0.04896559712168119,-0.0817673680828434,-0.01953125
stage_a_uci_v2,17,uci_internal_fixed,noise_brightness_to_blur,0,ba,source,all,0.01953125,-0.22122836570593496,-0.04896559712168119,-0.0817673680828434,-0.01953125
stage_a_uci_v2,17,uci_internal_fixed,noise_brightness_to_blur,4,ab,source,none,0.01953125,-0.22122836570593496,-0.04896559712168119,-0.0817673680828434,-0.01953125
stage_a_uci_v2,17,uci_internal_fixed,noise_brightness_to_blur,4,ba,source,none,0.01953125,-0.22122836570593496,-0.04896559712168119,-0.0817673680828434,-0.01953125
stage_a_uci_v2,17,uci_internal_fixed,noise_brightness_to_blur,4,ab,source,all,0.01953125,-0.22122836570593496,-0.04896559712168119,-0.0817673680828434,-0.01953125
stage_a_uci_v2,17,uci_internal_fixed,noise_brightness_to_blur,4,ba,source,all,0.01953125,-0.22122836570593496,-0.04896559712168119,-0.0817673680828434,-0.01953125
stage_a_uci_v2,17,uci_internal_fixed,noise_brightness_to_blur,0,ab,tent,none,0.00390625,-0.0015514110031860096,-0.000574712960362489,-0.0026934056804805984,-0.00390625
stage_a_uci_v2,17,uci_internal_fixed,noise_brightness_to_blur,0,ba,tent,none,0.001953125,-0.0015016524636604078,-0.0005442420921869529,-0.001739589661209212,-0.001953125
stage_a_uci_v2,17,uci_internal_fixed,noise_brightness_to_blur,0,ab,tent,parameters,0.001953125,-0.0006276522042572008,-0.00023921450112779352,-0.0018335109922556214,-0.001953125
stage_a_uci_v2,17,uci_internal_fixed,noise_brightness_to_blur,0,ba,tent,parameters,0.001953125,-0.0006670907627064349,-0.00026888610356307074,-0.0018093151365224103,-0.001953125
stage_a_uci_v2,17,uci_internal_fixed,noise_brightness_to_blur,0,ab,tent,optimizer,0.00390625,-0.0013699505271458357,-0.0005158240616398024,-0.002714182574456603,-0.00390625
stage_a_uci_v2,17,uci_internal_fixed,noise_brightness_to_blur,0,ba,tent,optimizer,0.001953125,-0.0012743087319637691,-0.000453806531496459,-0.0017868924294686117,-0.001953125
stage_a_uci_v2,17,uci_internal_fixed,noise_brightness_to_blur,0,ab,tent,parameters_optimizer,0.001953125,-0.00044849891133602604,-0.00018016294014250311,-0.0018570636446527122,-0.001953125
stage_a_uci_v2,17,uci_internal_fixed,noise_brightness_to_blur,0,ba,tent,parameters_optimizer,0.001953125,-0.00044849891133602604,-0.00018016294014250311,-0.0018570636446527122,-0.001953125
stage_a_uci_v2,17,uci_internal_fixed,noise_brightness_to_blur,0,ab,tent,aux,0.00390625,-0.0015514110031860096,-0.000574712960362489,-0.0026934056804805984,-0.00390625
stage_a_uci_v2,17,uci_internal_fixed,noise_brightness_to_blur,0,ba,tent,aux,0.001953125,-0.0015016524636604078,-0.0005442420921869529,-0.001739589661209212,-0.001953125
stage_a_uci_v2,17,uci_internal_fixed,noise_brightness_to_blur,0,ab,tent,parameters_aux,0.001953125,-0.0006276522042572008,-0.00023921450112779352,-0.0018335109922556214,-0.001953125
stage_a_uci_v2,17,uci_internal_fixed,noise_brightness_to_blur,0,ba,tent,parameters_aux,0.001953125,-0.0006670907627064349,-0.00026888610356307074,-0.0018093151365224103,-0.001953125
stage_a_uci_v2,17,uci_internal_fixed,noise_brightness_to_blur,0,ab,tent,optimizer_aux,0.00390625,-0.0013699505271458357,-0.0005158240616398024,-0.002714182574456603,-0.00390625
stage_a_uci_v2,17,uci_internal_fixed,noise_brightness_to_blur,0,ba,tent,optimizer_aux,0.001953125,-0.0012743087319637691,-0.000453806531496459,-0.0017868924294686117,-0.001953125
stage_a_uci_v2,17,uci_internal_fixed,noise_brightness_to_blur,0,ab,tent,parameters_optimizer_aux,0.001953125,-0.00044849891133602604,-0.00018016294014250311,-0.0018570636446527122,-0.001953125
stage_a_uci_v2,17,uci_internal_fixed,noise_brightness_to_blur,0,ba,tent,parameters_optimizer_aux,0.001953125,-0.00044849891133602604,-0.00018016294014250311,-0.0018570636446527122,-0.001953125
stage_a_uci_v2,17,uci_internal_fixed,noise_brightness_to_blur,0,ab,tent,all,0.001953125,-0.00044849891133602604,-0.00018016294014250311,-0.0018570636446527122,-0.001953125
stage_a_uci_v2,17,uci_internal_fixed,noise_brightness_to_blur,0,ba,tent,all,0.001953125,-0.00044849891133602604,-0.00018016294014250311,-0.0018570636446527122,-0.001953125
stage_a_uci_v2,17,uci_internal_fixed,noise_brightness_to_blur,4,ab,tent,none,0.005859375,-0.0020020239559088715,-0.0007406898853932753,-0.000990793759122699,-0.005859375
stage_a_uci_v2,17,uci_internal_fixed,noise_brightness_to_blur,4,ba,tent,none,0.005859375,-0.001965840004388042,-0.0007199158301975928,-0.0010028842363503099,-0.005859375
stage_a_uci_v2,17,uci_internal_fixed,noise_brightness_to_blur,4,ab,tent,parameters,0.001953125,-0.0007495726553290449,-0.00029452828711296064,-0.001792151598493219,-0.001953125
stage_a_uci_v2,17,uci_internal_fixed,noise_brightness_to_blur,4,ba,tent,parameters,0.001953125,-0.0007738151432068463,-0.0003136982460405502,-0.0017762069033617212,-0.001953125
stage_a_uci_v2,17,uci_internal_fixed,noise_brightness_to_blur,4,ab,tent,optimizer,0.005859375,-0.0017020465454308242,-0.0006274418089385891,-0.0010316037546710122,-0.005859375
stage_a_uci_v2,17,uci_internal_fixed,noise_brightness_to_blur,4,ba,tent,optimizer,0.005859375,-0.0016399832165656658,-0.0005872323518543721,-0.001055045168429719,-0.005859375
stage_a_uci_v2,17,uci_internal_fixed,noise_brightness_to_blur,4,ab,tent,parameters_optimizer,0.001953125,-0.00044849891133602604,-0.00018016294014250311,-0.0018570636446527122,-0.001953125
stage_a_uci_v2,17,uci_internal_fixed,noise_brightness_to_blur,4,ba,tent,parameters_optimizer,0.001953125,-0.00044849891133602604,-0.00018016294014250311,-0.0018570636446527122,-0.001953125
stage_a_uci_v2,17,uci_internal_fixed,noise_brightness_to_blur,4,ab,tent,aux,0.005859375,-0.0020020239559088715,-0.0007406898853932753,-0.000990793759122699,-0.005859375
stage_a_uci_v2,17,uci_internal_fixed,noise_brightness_to_blur,4,ba,tent,aux,0.005859375,-0.001965840004388042,-0.0007199158301975928,-0.0010028842363503099,-0.005859375
stage_a_uci_v2,17,uci_internal_fixed,noise_brightness_to_blur,4,ab,tent,parameters_aux,0.001953125,-0.0007495726553290449,-0.00029452828711296064,-0.001792151598493219,-0.001953125
stage_a_uci_v2,17,uci_internal_fixed,noise_brightness_to_blur,4,ba,tent,parameters_aux,0.001953125,-0.0007738151432068463,-0.0003136982460405502,-0.0017762069033617212,-0.001953125
stage_a_uci_v2,17,uci_internal_fixed,noise_brightness_to_blur,4,ab,tent,optimizer_aux,0.005859375,-0.0017020465454308242,-0.0006274418089385891,-0.0010316037546710122,-0.005859375
stage_a_uci_v2,17,uci_internal_fixed,noise_brightness_to_blur,4,ba,tent,optimizer_aux,0.005859375,-0.0016399832165656658,-0.0005872323518543721,-0.001055045168429719,-0.005859375
stage_a_uci_v2,17,uci_internal_fixed,noise_brightness_to_blur,4,ab,tent,parameters_optimizer_aux,0.001953125,-0.00044849891133602604,-0.00018016294014250311,-0.0018570636446527122,-0.001953125
stage_a_uci_v2,17,uci_internal_fixed,noise_brightness_to_blur,4,ba,tent,parameters_optimizer_aux,0.001953125,-0.00044849891133602604,-0.00018016294014250311,-0.0018570636446527122,-0.001953125
stage_a_uci_v2,17,uci_internal_fixed,noise_brightness_to_blur,4,ab,tent,all,0.001953125,-0.00044849891133602604,-0.00018016294014250311,-0.0018570636446527122,-0.001953125
stage_a_uci_v2,17,uci_internal_fixed,noise_brightness_to_blur,4,ba,tent,all,0.001953125,-0.00044849891133602604,-0.00018016294014250311,-0.0018570636446527122,-0.001953125
stage_a_uci_v2,17,uci_internal_fixed,noise_brightness_to_blur,0,ab,sar_complete,none,0.0,0.00032415484956938023,6.112872063263053e-05,8.125643014084138e-06,-0.0
stage_a_uci_v2,17,uci_internal_fixed,noise_brightness_to_blur,0,ba,sar_complete,none,0.0,7.928862976624984e-06,-2.001997603395811e-05,1.3464645521377161e-05,-0.0
stage_a_uci_v2,17,uci_internal_fixed,noise_brightness_to_blur,0,ab,sar_complete,parameters,0.0,0.00032415484956938023,6.112872063263053e-05,8.125643014084138e-06,-0.0
stage_a_uci_v2,17,uci_internal_fixed,noise_brightness_to_blur,0,ba,sar_complete,parameters,0.0,7.928862976624984e-06,-2.001997603395811e-05,1.3464645521377161e-05,-0.0
stage_a_uci_v2,17,uci_internal_fixed,noise_brightness_to_blur,0,ab,sar_complete,optimizer,0.0,0.00032415484956938023,6.112872063263053e-05,8.125643014084138e-06,-0.0
stage_a_uci_v2,17,uci_internal_fixed,noise_brightness_to_blur,0,ba,sar_complete,optimizer,0.0,7.928862976624984e-06,-2.001997603395811e-05,1.3464645521377161e-05,-0.0
stage_a_uci_v2,17,uci_internal_fixed,noise_brightness_to_blur,0,ab,sar_complete,parameters_optimizer,0.0,0.00032415484956938023,6.112872063263053e-05,8.125643014084138e-06,-0.0
stage_a_uci_v2,17,uci_internal_fixed,noise_brightness_to_blur,0,ba,sar_complete,parameters_optimizer,0.0,7.928862976624984e-06,-2.001997603395811e-05,1.3464645521377161e-05,-0.0
stage_a_uci_v2,17,uci_internal_fixed,noise_brightness_to_blur,0,ab,sar_complete,aux,0.001953125,-0.0006611061970770438,-0.0002245748316807572,-0.0018926984763183996,-0.001953125
stage_a_uci_v2,17,uci_internal_fixed,noise_brightness_to_blur,0,ba,sar_complete,aux,0.001953125,-0.0006611061970770438,-0.0002245748316807572,-0.0018926984763183996,-0.001953125
stage_a_uci_v2,17,uci_internal_fixed,noise_brightness_to_blur,0,ab,sar_complete,parameters_aux,0.001953125,-0.0006611061970770438,-0.0002245748316807572,-0.0018926984763183996,-0.001953125
stage_a_uci_v2,17,uci_internal_fixed,noise_brightness_to_blur,0,ba,sar_complete,parameters_aux,0.001953125,-0.0006611061970770438,-0.0002245748316807572,-0.0018926984763183996,-0.001953125
stage_a_uci_v2,17,uci_internal_fixed,noise_brightness_to_blur,0,ab,sar_complete,optimizer_aux,0.001953125,-0.0006611061970770438,-0.0002245748316807572,-0.0018926984763183996,-0.001953125
stage_a_uci_v2,17,uci_internal_fixed,noise_brightness_to_blur,0,ba,sar_complete,optimizer_aux,0.001953125,-0.0006611061970770438,-0.0002245748316807572,-0.0018926984763183996,-0.001953125
stage_a_uci_v2,17,uci_internal_fixed,noise_brightness_to_blur,0,ab,sar_complete,parameters_optimizer_aux,0.001953125,-0.0006611061970770438,-0.0002245748316807572,-0.0018926984763183996,-0.001953125
stage_a_uci_v2,17,uci_internal_fixed,noise_brightness_to_blur,0,ba,sar_complete,parameters_optimizer_aux,0.001953125,-0.0006611061970770438,-0.0002245748316807572,-0.0018926984763183996,-0.001953125
stage_a_uci_v2,17,uci_internal_fixed,noise_brightness_to_blur,0,ab,sar_complete,all,0.001953125,-0.0006611061970770438,-0.0002245748316807572,-0.0018926984763183996,-0.001953125
stage_a_uci_v2,17,uci_internal_fixed,noise_brightness_to_blur,0,ba,sar_complete,all,0.001953125,-0.0006611061970770438,-0.0002245748316807572,-0.0018926984763183996,-0.001953125
stage_a_uci_v2,17,uci_internal_fixed,noise_brightness_to_blur,4,ab,sar_complete,none,0.0,-0.0005328115699195779,-0.00015873656416087734,3.322661293198026e-05,-0.0
stage_a_uci_v2,17,uci_internal_fixed,noise_brightness_to_blur,4,ba,sar_complete,none,0.001953125,-0.00035757126326685373,-0.00012905022968029423,-0.0019078379836517112,-0.001953125
stage_a_uci_v2,17,uci_internal_fixed,noise_brightness_to_blur,4,ab,sar_complete,parameters,0.0,-0.0005328115699195779,-0.00015873656416087734,3.322661293198026e-05,-0.0
stage_a_uci_v2,17,uci_internal_fixed,noise_brightness_to_blur,4,ba,sar_complete,parameters,0.001953125,-0.00035757126326685373,-0.00012905022968029423,-0.0019078379836517112,-0.001953125
stage_a_uci_v2,17,uci_internal_fixed,noise_brightness_to_blur,4,ab,sar_complete,optimizer,0.0,-0.0005328115699195779,-0.00015873656416087734,3.322661293198026e-05,-0.0
stage_a_uci_v2,17,uci_internal_fixed,noise_brightness_to_blur,4,ba,sar_complete,optimizer,0.001953125,-0.00035757126326685373,-0.00012905022968029423,-0.0019078379836517112,-0.001953125
stage_a_uci_v2,17,uci_internal_fixed,noise_brightness_to_blur,4,ab,sar_complete,parameters_optimizer,0.0,-0.0005328115699195779,-0.00015873656416087734,3.322661293198026e-05,-0.0
stage_a_uci_v2,17,uci_internal_fixed,noise_brightness_to_blur,4,ba,sar_complete,parameters_optimizer,0.001953125,-0.00035757126326685373,-0.00012905022968029423,-0.0019078379836517112,-0.001953125
stage_a_uci_v2,17,uci_internal_fixed,noise_brightness_to_blur,4,ab,sar_complete,aux,0.001953125,-0.0006611061970770438,-0.0002245748316807572,-0.0018926984763183996,-0.001953125
stage_a_uci_v2,17,uci_internal_fixed,noise_brightness_to_blur,4,ba,sar_complete,aux,0.001953125,-0.0006611061970770438,-0.0002245748316807572,-0.0018926984763183996,-0.001953125
stage_a_uci_v2,17,uci_internal_fixed,noise_brightness_to_blur,4,ab,sar_complete,parameters_aux,0.001953125,-0.0006611061970770438,-0.0002245748316807572,-0.0018926984763183996,-0.001953125
stage_a_uci_v2,17,uci_internal_fixed,noise_brightness_to_blur,4,ba,sar_complete,parameters_aux,0.001953125,-0.0006611061970770438,-0.0002245748316807572,-0.0018926984763183996,-0.001953125
stage_a_uci_v2,17,uci_internal_fixed,noise_brightness_to_blur,4,ab,sar_complete,optimizer_aux,0.001953125,-0.0006611061970770438,-0.0002245748316807572,-0.0018926984763183996,-0.001953125
stage_a_uci_v2,17,uci_internal_fixed,noise_brightness_to_blur,4,ba,sar_complete,optimizer_aux,0.001953125,-0.0006611061970770438,-0.0002245748316807572,-0.0018926984763183996,-0.001953125
stage_a_uci_v2,17,uci_internal_fixed,noise_brightness_to_blur,4,ab,sar_complete,parameters_optimizer_aux,0.001953125,-0.0006611061970770438,-0.0002245748316807572,-0.0018926984763183996,-0.001953125
stage_a_uci_v2,17,uci_internal_fixed,noise_brightness_to_blur,4,ba,sar_complete,parameters_optimizer_aux,0.001953125,-0.0006611061970770438,-0.0002245748316807572,-0.0018926984763183996,-0.001953125
stage_a_uci_v2,17,uci_internal_fixed,noise_brightness_to_blur,4,ab,sar_complete,all,0.001953125,-0.0006611061970770438,-0.0002245748316807572,-0.0018926984763183996,-0.001953125
stage_a_uci_v2,17,uci_internal_fixed,noise_brightness_to_blur,4,ba,sar_complete,all,0.001953125,-0.0006611061970770438,-0.0002245748316807572,-0.0018926984763183996,-0.001953125
stage_a_uci_v2,17,uci_internal_fixed,blur_noise_to_clean,0,ab,source,none,0.0,0.0005490592257758053,0.00039650126957449863,0.0012347337954634,-0.0
stage_a_uci_v2,17,uci_internal_fixed,blur_noise_to_clean,0,ba,source,none,0.0,0.0005490592257758053,0.00039650126957449863,0.0012347337954634,-0.0
stage_a_uci_v2,17,uci_internal_fixed,blur_noise_to_clean,0,ab,source,all,0.0,0.0005490592257758053,0.00039650126957449863,0.0012347337954634,-0.0
stage_a_uci_v2,17,uci_internal_fixed,blur_noise_to_clean,0,ba,source,all,0.0,0.0005490592257758053,0.00039650126957449863,0.0012347337954634,-0.0
stage_a_uci_v2,17,uci_internal_fixed,blur_noise_to_clean,4,ab,source,none,0.0,0.0005490592257758053,0.00039650126957449863,0.0012347337954634,-0.0
stage_a_uci_v2,17,uci_internal_fixed,blur_noise_to_clean,4,ba,source,none,0.0,0.0005490592257758053,0.00039650126957449863,0.0012347337954634,-0.0
stage_a_uci_v2,17,uci_internal_fixed,blur_noise_to_clean,4,ab,source,all,0.0,0.0005490592257758053,0.00039650126957449863,0.0012347337954634,-0.0
stage_a_uci_v2,17,uci_internal_fixed,blur_noise_to_clean,4,ba,source,all,0.0,0.0005490592257758053,0.00039650126957449863,0.0012347337954634,-0.0
stage_a_uci_v2,17,uci_internal_fixed,blur_noise_to_clean,0,ab,tent,none,0.0,0.00014836411151720325,7.420998900870002e-05,2.31581528225e-05,-0.0
stage_a_uci_v2,17,uci_internal_fixed,blur_noise_to_clean,0,ba,tent,none,0.0,0.00014450505191990204,7.161730342740077e-05,2.376973640120031e-05,-0.0
stage_a_uci_v2,17,uci_internal_fixed,blur_noise_to_clean,0,ab,tent,parameters,0.0,3.797942319100356e-05,1.9918684355298838e-05,3.364018983100306e-06,-0.0
stage_a_uci_v2,17,uci_internal_fixed,blur_noise_to_clean,0,ba,tent,parameters,0.0,5.0448105460398907e-05,2.370589118350086e-05,3.4177569510004946e-06,-0.0
stage_a_uci_v2,17,uci_internal_fixed,blur_noise_to_clean,0,ab,tent,optimizer,0.0,0.0001163473003879048,5.668064598560174e-05,1.8437444678399625e-05,-0.0
stage_a_uci_v2,17,uci_internal_fixed,blur_noise_to_clean,0,ba,tent,optimizer,0.0,9.984207507940379e-05,5.014960157170151e-05,1.8926850056099134e-05,-0.0
stage_a_uci_v2,17,uci_internal_fixed,blur_noise_to_clean,0,ab,tent,parameters_optimizer,0.0,6.2277618846987015e-06,2.265691339698589e-06,-1.8027976063997309e-06,-0.0
stage_a_uci_v2,17,uci_internal_fixed,blur_noise_to_clean,0,ba,tent,parameters_optimizer,0.0,6.2277618846987015e-06,2.265691339698589e-06,-1.8027976063997309e-06,-0.0
stage_a_uci_v2,17,uci_internal_fixed,blur_noise_to_clean,0,ab,tent,aux,0.0,0.00014836411151720325,7.420998900870002e-05,2.31581528225e-05,-0.0
stage_a_uci_v2,17,uci_internal_fixed,blur_noise_to_clean,0,ba,tent,aux,0.0,0.00014450505191990204,7.161730342740077e-05,2.376973640120031e-05,-0.0
stage_a_uci_v2,17,uci_internal_fixed,blur_noise_to_clean,0,ab,tent,parameters_aux,0.0,3.797942319100356e-05,1.9918684355298838e-05,3.364018983100306e-06,-0.0
stage_a_uci_v2,17,uci_internal_fixed,blur_noise_to_clean,0,ba,tent,parameters_aux,0.0,5.0448105460398907e-05,2.370589118350086e-05,3.4177569510004946e-06,-0.0
stage_a_uci_v2,17,uci_internal_fixed,blur_noise_to_clean,0,ab,tent,optimizer_aux,0.0,0.0001163473003879048,5.668064598560174e-05,1.8437444678399625e-05,-0.0
stage_a_uci_v2,17,uci_internal_fixed,blur_noise_to_clean,0,ba,tent,optimizer_aux,0.0,9.984207507940379e-05,5.014960157170151e-05,1.8926850056099134e-05,-0.0
stage_a_uci_v2,17,uci_internal_fixed,blur_noise_to_clean,0,ab,tent,parameters_optimizer_aux,0.0,6.2277618846987015e-06,2.265691339698589e-06,-1.8027976063997309e-06,-0.0
stage_a_uci_v2,17,uci_internal_fixed,blur_noise_to_clean,0,ba,tent,parameters_optimizer_aux,0.0,6.2277618846987015e-06,2.265691339698589e-06,-1.8027976063997309e-06,-0.0
stage_a_uci_v2,17,uci_internal_fixed,blur_noise_to_clean,0,ab,tent,all,0.0,6.2277618846987015e-06,2.265691339698589e-06,-1.8027976063997309e-06,-0.0
stage_a_uci_v2,17,uci_internal_fixed,blur_noise_to_clean,0,ba,tent,all,0.0,6.2277618846987015e-06,2.265691339698589e-06,-1.8027976063997309e-06,-0.0
stage_a_uci_v2,17,uci_internal_fixed,blur_noise_to_clean,4,ab,tent,none,0.0,0.00016164203378059988,7.96676642655994e-05,3.076909657359975e-05,-0.0
stage_a_uci_v2,17,uci_internal_fixed,blur_noise_to_clean,4,ba,tent,none,0.0,0.00015938045287490488,7.80066478734999e-05,3.121417518539907e-05,-0.0
stage_a_uci_v2,17,uci_internal_fixed,blur_noise_to_clean,4,ab,tent,parameters,0.0,2.594791634140392e-05,1.2540693607201309e-05,3.171276054699662e-06,-0.0
stage_a_uci_v2,17,uci_internal_fixed,blur_noise_to_clean,4,ba,tent,parameters,0.0,3.409002437040204e-05,1.5006312254799842e-05,3.2256121908994656e-06,-0.0
stage_a_uci_v2,17,uci_internal_fixed,blur_noise_to_clean,4,ab,tent,optimizer,0.0,0.00014184317462639928,6.955464727050054e-05,2.6099266510900068e-05,-0.0
stage_a_uci_v2,17,uci_internal_fixed,blur_noise_to_clean,4,ba,tent,optimizer,0.0,0.00013134852127009988,6.535680469479943e-05,2.64814754616996e-05,-0.0
stage_a_uci_v2,17,uci_internal_fixed,blur_noise_to_clean,4,ab,tent,parameters_optimizer,0.0,6.2277618846987015e-06,2.265691339698589e-06,-1.8027976063997309e-06,-0.0
stage_a_uci_v2,17,uci_internal_fixed,blur_noise_to_clean,4,ba,tent,parameters_optimizer,0.0,6.2277618846987015e-06,2.265691339698589e-06,-1.8027976063997309e-06,-0.0
stage_a_uci_v2,17,uci_internal_fixed,blur_noise_to_clean,4,ab,tent,aux,0.0,0.00016164203378059988,7.96676642655994e-05,3.076909657359975e-05,-0.0
stage_a_uci_v2,17,uci_internal_fixed,blur_noise_to_clean,4,ba,tent,aux,0.0,0.00015938045287490488,7.80066478734999e-05,3.121417518539907e-05,-0.0
stage_a_uci_v2,17,uci_internal_fixed,blur_noise_to_clean,4,ab,tent,parameters_aux,0.0,2.594791634140392e-05,1.2540693607201309e-05,3.171276054699662e-06,-0.0
stage_a_uci_v2,17,uci_internal_fixed,blur_noise_to_clean,4,ba,tent,parameters_aux,0.0,3.409002437040204e-05,1.5006312254799842e-05,3.2256121908994656e-06,-0.0
stage_a_uci_v2,17,uci_internal_fixed,blur_noise_to_clean,4,ab,tent,optimizer_aux,0.0,0.00014184317462639928,6.955464727050054e-05,2.6099266510900068e-05,-0.0
stage_a_uci_v2,17,uci_internal_fixed,blur_noise_to_clean,4,ba,tent,optimizer_aux,0.0,0.00013134852127009988,6.535680469479943e-05,2.64814754616996e-05,-0.0
stage_a_uci_v2,17,uci_internal_fixed,blur_noise_to_clean,4,ab,tent,parameters_optimizer_aux,0.0,6.2277618846987015e-06,2.265691339698589e-06,-1.8027976063997309e-06,-0.0
stage_a_uci_v2,17,uci_internal_fixed,blur_noise_to_clean,4,ba,tent,parameters_optimizer_aux,0.0,6.2277618846987015e-06,2.265691339698589e-06,-1.8027976063997309e-06,-0.0
stage_a_uci_v2,17,uci_internal_fixed,blur_noise_to_clean,4,ab,tent,all,0.0,6.2277618846987015e-06,2.265691339698589e-06,-1.8027976063997309e-06,-0.0
stage_a_uci_v2,17,uci_internal_fixed,blur_noise_to_clean,4,ba,tent,all,0.0,6.2277618846987015e-06,2.265691339698589e-06,-1.8027976063997309e-06,-0.0
stage_a_uci_v2,17,uci_internal_fixed,blur_noise_to_clean,0,ab,sar_complete,none,0.0,-3.1373665170947307e-06,-1.2731805149011899e-06,2.5519142500003006e-06,-0.0
stage_a_uci_v2,17,uci_internal_fixed,blur_noise_to_clean,0,ba,sar_complete,none,0.0,-2.8789852526966975e-06,-1.3046378899983502e-06,2.1966623985989614e-06,-0.0
stage_a_uci_v2,17,uci_internal_fixed,blur_noise_to_clean,0,ab,sar_complete,parameters,0.0,-2.2696066900862455e-08,-1.99609301310133e-10,2.2623942899646643e-08,-0.0
stage_a_uci_v2,17,uci_internal_fixed,blur_noise_to_clean,0,ba,sar_complete,parameters,0.0,-9.795029169701319e-08,-5.210268419833519e-08,4.53467420002962e-08,-0.0
stage_a_uci_v2,17,uci_internal_fixed,blur_noise_to_clean,0,ab,sar_complete,optimizer,0.0,-3.1198441969998436e-06,-1.273145150700039e-06,2.5344169691000895e-06,-0.0
stage_a_uci_v2,17,uci_internal_fixed,blur_noise_to_clean,0,ba,sar_complete,optimizer,0.0,-2.7513842092985463e-06,-1.2383952169986445e-06,2.1272934170989827e-06,-0.0
stage_a_uci_v2,17,uci_internal_fixed,blur_noise_to_clean,0,ab,sar_complete,parameters_optimizer,0.0,-3.6894885965810253e-09,-1.2481069996961303e-10,3.655022399323693e-09,-0.0
stage_a_uci_v2,17,uci_internal_fixed,blur_noise_to_clean,0,ba,sar_complete,parameters_optimizer,0.0,3.9692516398681654e-08,1.925560700125062e-08,-3.167824780096751e-08,-0.0
stage_a_uci_v2,17,uci_internal_fixed,blur_noise_to_clean,0,ab,sar_complete,aux,0.0,-2.902826449498186e-06,-1.2740650498985207e-06,2.316899559899263e-06,-0.0
stage_a_uci_v2,17,uci_internal_fixed,blur_noise_to_clean,0,ba,sar_complete,aux,0.0,-1.4250129714982185e-06,-6.60583061598552e-07,1.1121884632998152e-06,-0.0
stage_a_uci_v2,17,uci_internal_fixed,blur_noise_to_clean,0,ab,sar_complete,parameters_aux,0.0,0.0,0.0,0.0,-0.0
stage_a_uci_v2,17,uci_internal_fixed,blur_noise_to_clean,0,ba,sar_complete,parameters_aux,0.0,0.0,0.0,0.0,-0.0
stage_a_uci_v2,17,uci_internal_fixed,blur_noise_to_clean,0,ab,sar_complete,optimizer_aux,0.0,-2.902826449498186e-06,-1.2740650498985207e-06,2.316899559899263e-06,-0.0
stage_a_uci_v2,17,uci_internal_fixed,blur_noise_to_clean,0,ba,sar_complete,optimizer_aux,0.0,-1.4250129714982185e-06,-6.60583061598552e-07,1.1121884632998152e-06,-0.0
stage_a_uci_v2,17,uci_internal_fixed,blur_noise_to_clean,0,ab,sar_complete,parameters_optimizer_aux,0.0,0.0,0.0,0.0,-0.0
stage_a_uci_v2,17,uci_internal_fixed,blur_noise_to_clean,0,ba,sar_complete,parameters_optimizer_aux,0.0,0.0,0.0,0.0,-0.0
stage_a_uci_v2,17,uci_internal_fixed,blur_noise_to_clean,0,ab,sar_complete,all,0.0,0.0,0.0,0.0,-0.0
stage_a_uci_v2,17,uci_internal_fixed,blur_noise_to_clean,0,ba,sar_complete,all,0.0,0.0,0.0,0.0,-0.0
stage_a_uci_v2,17,uci_internal_fixed,blur_noise_to_clean,4,ab,sar_complete,none,0.0,0.0,0.0,0.0,-0.0
stage_a_uci_v2,17,uci_internal_fixed,blur_noise_to_clean,4,ba,sar_complete,none,0.0,0.0,0.0,0.0,-0.0
stage_a_uci_v2,17,uci_internal_fixed,blur_noise_to_clean,4,ab,sar_complete,parameters,0.0,0.0,0.0,0.0,-0.0
stage_a_uci_v2,17,uci_internal_fixed,blur_noise_to_clean,4,ba,sar_complete,parameters,0.0,0.0,0.0,0.0,-0.0
stage_a_uci_v2,17,uci_internal_fixed,blur_noise_to_clean,4,ab,sar_complete,optimizer,0.0,0.0,0.0,0.0,-0.0
stage_a_uci_v2,17,uci_internal_fixed,blur_noise_to_clean,4,ba,sar_complete,optimizer,0.0,0.0,0.0,0.0,-0.0
stage_a_uci_v2,17,uci_internal_fixed,blur_noise_to_clean,4,ab,sar_complete,parameters_optimizer,0.0,0.0,0.0,0.0,-0.0
stage_a_uci_v2,17,uci_internal_fixed,blur_noise_to_clean,4,ba,sar_complete,parameters_optimizer,0.0,0.0,0.0,0.0,-0.0
stage_a_uci_v2,17,uci_internal_fixed,blur_noise_to_clean,4,ab,sar_complete,aux,0.0,0.0,0.0,0.0,-0.0
stage_a_uci_v2,17,uci_internal_fixed,blur_noise_to_clean,4,ba,sar_complete,aux,0.0,0.0,0.0,0.0,-0.0
stage_a_uci_v2,17,uci_internal_fixed,blur_noise_to_clean,4,ab,sar_complete,parameters_aux,0.0,0.0,0.0,0.0,-0.0
stage_a_uci_v2,17,uci_internal_fixed,blur_noise_to_clean,4,ba,sar_complete,parameters_aux,0.0,0.0,0.0,0.0,-0.0
stage_a_uci_v2,17,uci_internal_fixed,blur_noise_to_clean,4,ab,sar_complete,optimizer_aux,0.0,0.0,0.0,0.0,-0.0
stage_a_uci_v2,17,uci_internal_fixed,blur_noise_to_clean,4,ba,sar_complete,optimizer_aux,0.0,0.0,0.0,0.0,-0.0
stage_a_uci_v2,17,uci_internal_fixed,blur_noise_to_clean,4,ab,sar_complete,parameters_optimizer_aux,0.0,0.0,0.0,0.0,-0.0
stage_a_uci_v2,17,uci_internal_fixed,blur_noise_to_clean,4,ba,sar_complete,parameters_optimizer_aux,0.0,0.0,0.0,0.0,-0.0
stage_a_uci_v2,17,uci_internal_fixed,blur_noise_to_clean,4,ab,sar_complete,all,0.0,0.0,0.0,0.0,-0.0
stage_a_uci_v2,17,uci_internal_fixed,blur_noise_to_clean,4,ba,sar_complete,all,0.0,0.0,0.0,0.0,-0.0
stage_a_uci_v2,29,uci_internal_fixed,noise_brightness_to_blur,0,ab,source,none,-0.001953125,-0.26293131015343296,-0.018568152925640513,-0.10551733659373372,0.001953125
stage_a_uci_v2,29,uci_internal_fixed,noise_brightness_to_blur,0,ba,source,none,-0.001953125,-0.26293131015343296,-0.018568152925640513,-0.10551733659373372,0.001953125
stage_a_uci_v2,29,uci_internal_fixed,noise_brightness_to_blur,0,ab,source,all,-0.001953125,-0.26293131015343296,-0.018568152925640513,-0.10551733659373372,0.001953125
stage_a_uci_v2,29,uci_internal_fixed,noise_brightness_to_blur,0,ba,source,all,-0.001953125,-0.26293131015343296,-0.018568152925640513,-0.10551733659373372,0.001953125
stage_a_uci_v2,29,uci_internal_fixed,noise_brightness_to_blur,4,ab,source,none,-0.001953125,-0.26293131015343296,-0.018568152925640513,-0.10551733659373372,0.001953125
stage_a_uci_v2,29,uci_internal_fixed,noise_brightness_to_blur,4,ba,source,none,-0.001953125,-0.26293131015343296,-0.018568152925640513,-0.10551733659373372,0.001953125
stage_a_uci_v2,29,uci_internal_fixed,noise_brightness_to_blur,4,ab,source,all,-0.001953125,-0.26293131015343296,-0.018568152925640513,-0.10551733659373372,0.001953125
stage_a_uci_v2,29,uci_internal_fixed,noise_brightness_to_blur,4,ba,source,all,-0.001953125,-0.26293131015343296,-0.018568152925640513,-0.10551733659373372,0.001953125
stage_a_uci_v2,29,uci_internal_fixed,noise_brightness_to_blur,0,ab,tent,none,0.0,0.002933932881658885,0.0003718182229233702,0.001654446679959981,-0.0
stage_a_uci_v2,29,uci_internal_fixed,noise_brightness_to_blur,0,ba,tent,none,0.0,0.0028843368952327086,0.00038145624256746835,0.0016380290928453833,-0.0
stage_a_uci_v2,29,uci_internal_fixed,noise_brightness_to_blur,0,ab,tent,parameters,0.0,0.003520630284008064,0.0006200808744346586,0.00027518474570689677,-0.0
stage_a_uci_v2,29,uci_internal_fixed,noise_brightness_to_blur,0,ba,tent,parameters,0.0,0.0035574467680827837,0.000605651202666091,0.00028778383245078865,-0.0
stage_a_uci_v2,29,uci_internal_fixed,noise_brightness_to_blur,0,ab,tent,optimizer,0.0,0.0035079833615250244,0.0005177851802037892,0.0016415821963398913,-0.0
stage_a_uci_v2,29,uci_internal_fixed,noise_brightness_to_blur,0,ba,tent,optimizer,0.0,0.003417515235395241,0.0005410978527596866,0.0003105590268234759,-0.0
stage_a_uci_v2,29,uci_internal_fixed,noise_brightness_to_blur,0,ab,tent,parameters_optimizer,0.0,0.0040977308519642985,0.0007670591199612775,0.0002623650617839812,-0.0
stage_a_uci_v2,29,uci_internal_fixed,noise_brightness_to_blur,0,ba,tent,parameters_optimizer,0.0,0.0040977308519642985,0.0007670591199612775,0.0002623650617839812,-0.0
stage_a_uci_v2,29,uci_internal_fixed,noise_brightness_to_blur,0,ab,tent,aux,0.0,0.002933932881658885,0.0003718182229233702,0.001654446679959981,-0.0
stage_a_uci_v2,29,uci_internal_fixed,noise_brightness_to_blur,0,ba,tent,aux,0.0,0.0028843368952327086,0.00038145624256746835,0.0016380290928453833,-0.0
stage_a_uci_v2,29,uci_internal_fixed,noise_brightness_to_blur,0,ab,tent,parameters_aux,0.0,0.003520630284008064,0.0006200808744346586,0.00027518474570689677,-0.0
stage_a_uci_v2,29,uci_internal_fixed,noise_brightness_to_blur,0,ba,tent,parameters_aux,0.0,0.0035574467680827837,0.000605651202666091,0.00028778383245078865,-0.0
stage_a_uci_v2,29,uci_internal_fixed,noise_brightness_to_blur,0,ab,tent,optimizer_aux,0.0,0.0035079833615250244,0.0005177851802037892,0.0016415821963398913,-0.0
stage_a_uci_v2,29,uci_internal_fixed,noise_brightness_to_blur,0,ba,tent,optimizer_aux,0.0,0.003417515235395241,0.0005410978527596866,0.0003105590268234759,-0.0
stage_a_uci_v2,29,uci_internal_fixed,noise_brightness_to_blur,0,ab,tent,parameters_optimizer_aux,0.0,0.0040977308519642985,0.0007670591199612775,0.0002623650617839812,-0.0
stage_a_uci_v2,29,uci_internal_fixed,noise_brightness_to_blur,0,ba,tent,parameters_optimizer_aux,0.0,0.0040977308519642985,0.0007670591199612775,0.0002623650617839812,-0.0
stage_a_uci_v2,29,uci_internal_fixed,noise_brightness_to_blur,0,ab,tent,all,0.0,0.0040977308519642985,0.0007670591199612775,0.0002623650617839812,-0.0
stage_a_uci_v2,29,uci_internal_fixed,noise_brightness_to_blur,0,ba,tent,all,0.0,0.0040977308519642985,0.0007670591199612775,0.0002623650617839812,-0.0
stage_a_uci_v2,29,uci_internal_fixed,noise_brightness_to_blur,4,ab,tent,none,0.0,0.00800806520413433,0.0014450175762786843,-0.0010493557733588232,-0.0
stage_a_uci_v2,29,uci_internal_fixed,noise_brightness_to_blur,4,ba,tent,none,0.0,0.007969806147649194,0.0014493632869997941,-0.0010681898072736062,-0.0
stage_a_uci_v2,29,uci_internal_fixed,noise_brightness_to_blur,4,ab,tent,parameters,0.0,0.007475371263999886,0.0014714500056760005,0.00043889779808678475,-0.0
stage_a_uci_v2,29,uci_internal_fixed,noise_brightness_to_blur,4,ba,tent,parameters,0.0,0.007493657311065327,0.0014599179463724021,-0.0005946266594300254,-0.0
stage_a_uci_v2,29,uci_internal_fixed,noise_brightness_to_blur,4,ab,tent,optimizer,0.0,0.004622733160971393,0.0007384606460680843,-0.0008894875465592089,-0.0
stage_a_uci_v2,29,uci_internal_fixed,noise_brightness_to_blur,4,ba,tent,optimizer,0.0,0.004562379336771505,0.0007531490093909965,-0.000907212554244613,-0.0
stage_a_uci_v2,29,uci_internal_fixed,noise_brightness_to_blur,4,ab,tent,parameters_optimizer,0.0,0.0040977308519642985,0.0007670591199612775,0.0002623650617839812,-0.0
stage_a_uci_v2,29,uci_internal_fixed,noise_brightness_to_blur,4,ba,tent,parameters_optimizer,0.0,0.0040977308519642985,0.0007670591199612775,0.0002623650617839812,-0.0
stage_a_uci_v2,29,uci_internal_fixed,noise_brightness_to_blur,4,ab,tent,aux,0.0,0.00800806520413433,0.0014450175762786843,-0.0010493557733588232,-0.0
stage_a_uci_v2,29,uci_internal_fixed,noise_brightness_to_blur,4,ba,tent,aux,0.0,0.007969806147649194,0.0014493632869997941,-0.0010681898072736062,-0.0
stage_a_uci_v2,29,uci_internal_fixed,noise_brightness_to_blur,4,ab,tent,parameters_aux,0.0,0.007475371263999886,0.0014714500056760005,0.00043889779808678475,-0.0
stage_a_uci_v2,29,uci_internal_fixed,noise_brightness_to_blur,4,ba,tent,parameters_aux,0.0,0.007493657311065327,0.0014599179463724021,-0.0005946266594300254,-0.0
stage_a_uci_v2,29,uci_internal_fixed,noise_brightness_to_blur,4,ab,tent,optimizer_aux,0.0,0.004622733160971393,0.0007384606460680843,-0.0008894875465592089,-0.0
stage_a_uci_v2,29,uci_internal_fixed,noise_brightness_to_blur,4,ba,tent,optimizer_aux,0.0,0.004562379336771505,0.0007531490093909965,-0.000907212554244613,-0.0
stage_a_uci_v2,29,uci_internal_fixed,noise_brightness_to_blur,4,ab,tent,parameters_optimizer_aux,0.0,0.0040977308519642985,0.0007670591199612775,0.0002623650617839812,-0.0
stage_a_uci_v2,29,uci_internal_fixed,noise_brightness_to_blur,4,ba,tent,parameters_optimizer_aux,0.0,0.0040977308519642985,0.0007670591199612775,0.0002623650617839812,-0.0
stage_a_uci_v2,29,uci_internal_fixed,noise_brightness_to_blur,4,ab,tent,all,0.0,0.0040977308519642985,0.0007670591199612775,0.0002623650617839812,-0.0
stage_a_uci_v2,29,uci_internal_fixed,noise_brightness_to_blur,4,ba,tent,all,0.0,0.0040977308519642985,0.0007670591199612775,0.0002623650617839812,-0.0
stage_a_uci_v2,29,uci_internal_fixed,noise_brightness_to_blur,0,ab,sar_complete,none,0.0,0.00024153691774508879,2.9412384527360835e-05,1.7748128796096774e-05,-0.0
stage_a_uci_v2,29,uci_internal_fixed,noise_brightness_to_blur,0,ba,sar_complete,none,0.0,0.0002514241469604439,3.1483421471578676e-05,1.6889551129883884e-05,-0.0
stage_a_uci_v2,29,uci_internal_fixed,noise_brightness_to_blur,0,ab,sar_complete,parameters,0.0,0.00024153691774508879,2.9412384527360835e-05,1.7748128796096774e-05,-0.0
stage_a_uci_v2,29,uci_internal_fixed,noise_brightness_to_blur,0,ba,sar_complete,parameters,0.0,0.0002514241469604439,3.1483421471578676e-05,1.6889551129883884e-05,-0.0
stage_a_uci_v2,29,uci_internal_fixed,noise_brightness_to_blur,0,ab,sar_complete,optimizer,0.0,0.00024153691774508879,2.9412384527360835e-05,1.7748128796096774e-05,-0.0
stage_a_uci_v2,29,uci_internal_fixed,noise_brightness_to_blur,0,ba,sar_complete,optimizer,0.0,0.0002514241469604439,3.1483421471578676e-05,1.6889551129883884e-05,-0.0
stage_a_uci_v2,29,uci_internal_fixed,noise_brightness_to_blur,0,ab,sar_complete,parameters_optimizer,0.0,0.00024153691774508879,2.9412384527360835e-05,1.7748128796096774e-05,-0.0
stage_a_uci_v2,29,uci_internal_fixed,noise_brightness_to_blur,0,ba,sar_complete,parameters_optimizer,0.0,0.0002514241469604439,3.1483421471578676e-05,1.6889551129883884e-05,-0.0
stage_a_uci_v2,29,uci_internal_fixed,noise_brightness_to_blur,0,ab,sar_complete,aux,0.0,0.0018481738332363218,0.00026396434324277296,0.0001857890413030916,-0.0
stage_a_uci_v2,29,uci_internal_fixed,noise_brightness_to_blur,0,ba,sar_complete,aux,0.0,0.0018481738332363218,0.00026396434324277296,0.0001857890413030916,-0.0
stage_a_uci_v2,29,uci_internal_fixed,noise_brightness_to_blur,0,ab,sar_complete,parameters_aux,0.0,0.0018481738332363218,0.00026396434324277296,0.0001857890413030916,-0.0
stage_a_uci_v2,29,uci_internal_fixed,noise_brightness_to_blur,0,ba,sar_complete,parameters_aux,0.0,0.0018481738332363218,0.00026396434324277296,0.0001857890413030916,-0.0
stage_a_uci_v2,29,uci_internal_fixed,noise_brightness_to_blur,0,ab,sar_complete,optimizer_aux,0.0,0.0018481738332363218,0.00026396434324277296,0.0001857890413030916,-0.0
stage_a_uci_v2,29,uci_internal_fixed,noise_brightness_to_blur,0,ba,sar_complete,optimizer_aux,0.0,0.0018481738332363218,0.00026396434324277296,0.0001857890413030916,-0.0
stage_a_uci_v2,29,uci_internal_fixed,noise_brightness_to_blur,0,ab,sar_complete,parameters_optimizer_aux,0.0,0.0018481738332363218,0.00026396434324277296,0.0001857890413030916,-0.0
stage_a_uci_v2,29,uci_internal_fixed,noise_brightness_to_blur,0,ba,sar_complete,parameters_optimizer_aux,0.0,0.0018481738332363218,0.00026396434324277296,0.0001857890413030916,-0.0
stage_a_uci_v2,29,uci_internal_fixed,noise_brightness_to_blur,0,ab,sar_complete,all,0.0,0.0018481738332363218,0.00026396434324277296,0.0001857890413030916,-0.0
stage_a_uci_v2,29,uci_internal_fixed,noise_brightness_to_blur,0,ba,sar_complete,all,0.0,0.0018481738332363218,0.00026396434324277296,0.0001857890413030916,-0.0
stage_a_uci_v2,29,uci_internal_fixed,noise_brightness_to_blur,4,ab,sar_complete,none,0.0,0.0022509099676117916,0.0003745883220419577,0.00019210000253988557,-0.0
stage_a_uci_v2,29,uci_internal_fixed,noise_brightness_to_blur,4,ba,sar_complete,none,0.0,0.0022509099676117916,0.0003745883220419577,0.00019210000253988557,-0.0
stage_a_uci_v2,29,uci_internal_fixed,noise_brightness_to_blur,4,ab,sar_complete,parameters,0.0,0.0022509099676117916,0.0003745883220419577,0.00019210000253988557,-0.0
stage_a_uci_v2,29,uci_internal_fixed,noise_brightness_to_blur,4,ba,sar_complete,parameters,0.0,0.0022509099676117916,0.0003745883220419577,0.00019210000253988557,-0.0
stage_a_uci_v2,29,uci_internal_fixed,noise_brightness_to_blur,4,ab,sar_complete,optimizer,0.0,0.0022509099676117916,0.0003745883220419577,0.00019210000253988557,-0.0
stage_a_uci_v2,29,uci_internal_fixed,noise_brightness_to_blur,4,ba,sar_complete,optimizer,0.0,0.0022509099676117916,0.0003745883220419577,0.00019210000253988557,-0.0
stage_a_uci_v2,29,uci_internal_fixed,noise_brightness_to_blur,4,ab,sar_complete,parameters_optimizer,0.0,0.0022509099676117916,0.0003745883220419577,0.00019210000253988557,-0.0
stage_a_uci_v2,29,uci_internal_fixed,noise_brightness_to_blur,4,ba,sar_complete,parameters_optimizer,0.0,0.0022509099676117916,0.0003745883220419577,0.00019210000253988557,-0.0
stage_a_uci_v2,29,uci_internal_fixed,noise_brightness_to_blur,4,ab,sar_complete,aux,0.0,0.0018481738332363218,0.00026396434324277296,0.0001857890413030916,-0.0
stage_a_uci_v2,29,uci_internal_fixed,noise_brightness_to_blur,4,ba,sar_complete,aux,0.0,0.0018481738332363218,0.00026396434324277296,0.0001857890413030916,-0.0
stage_a_uci_v2,29,uci_internal_fixed,noise_brightness_to_blur,4,ab,sar_complete,parameters_aux,0.0,0.0018481738332363218,0.00026396434324277296,0.0001857890413030916,-0.0
stage_a_uci_v2,29,uci_internal_fixed,noise_brightness_to_blur,4,ba,sar_complete,parameters_aux,0.0,0.0018481738332363218,0.00026396434324277296,0.0001857890413030916,-0.0
stage_a_uci_v2,29,uci_internal_fixed,noise_brightness_to_blur,4,ab,sar_complete,optimizer_aux,0.0,0.0018481738332363218,0.00026396434324277296,0.0001857890413030916,-0.0
stage_a_uci_v2,29,uci_internal_fixed,noise_brightness_to_blur,4,ba,sar_complete,optimizer_aux,0.0,0.0018481738332363218,0.00026396434324277296,0.0001857890413030916,-0.0
stage_a_uci_v2,29,uci_internal_fixed,noise_brightness_to_blur,4,ab,sar_complete,parameters_optimizer_aux,0.0,0.0018481738332363218,0.00026396434324277296,0.0001857890413030916,-0.0
stage_a_uci_v2,29,uci_internal_fixed,noise_brightness_to_blur,4,ba,sar_complete,parameters_optimizer_aux,0.0,0.0018481738332363218,0.00026396434324277296,0.0001857890413030916,-0.0
stage_a_uci_v2,29,uci_internal_fixed,noise_brightness_to_blur,4,ab,sar_complete,all,0.0,0.0018481738332363218,0.00026396434324277296,0.0001857890413030916,-0.0
stage_a_uci_v2,29,uci_internal_fixed,noise_brightness_to_blur,4,ba,sar_complete,all,0.0,0.0018481738332363218,0.00026396434324277296,0.0001857890413030916,-0.0
stage_a_uci_v2,29,uci_internal_fixed,blur_noise_to_clean,0,ab,source,none,0.0,0.0004031953722900966,0.0007145405499545017,-0.0020889201885795003,-0.0
stage_a_uci_v2,29,uci_internal_fixed,blur_noise_to_clean,0,ba,source,none,0.0,0.0004031953722900966,0.0007145405499545017,-0.0020889201885795003,-0.0
stage_a_uci_v2,29,uci_internal_fixed,blur_noise_to_clean,0,ab,source,all,0.0,0.0004031953722900966,0.0007145405499545017,-0.0020889201885795003,-0.0
stage_a_uci_v2,29,uci_internal_fixed,blur_noise_to_clean,0,ba,source,all,0.0,0.0004031953722900966,0.0007145405499545017,-0.0020889201885795003,-0.0
stage_a_uci_v2,29,uci_internal_fixed,blur_noise_to_clean,4,ab,source,none,0.0,0.0004031953722900966,0.0007145405499545017,-0.0020889201885795003,-0.0
stage_a_uci_v2,29,uci_internal_fixed,blur_noise_to_clean,4,ba,source,none,0.0,0.0004031953722900966,0.0007145405499545017,-0.0020889201885795003,-0.0
stage_a_uci_v2,29,uci_internal_fixed,blur_noise_to_clean,4,ab,source,all,0.0,0.0004031953722900966,0.0007145405499545017,-0.0020889201885795003,-0.0
stage_a_uci_v2,29,uci_internal_fixed,blur_noise_to_clean,4,ba,source,all,0.0,0.0004031953722900966,0.0007145405499545017,-0.0020889201885795003,-0.0
stage_a_uci_v2,29,uci_internal_fixed,blur_noise_to_clean,0,ab,tent,none,0.0,9.925725310269695e-05,0.0001214360184489012,-2.2297495029299785e-05,-0.0
stage_a_uci_v2,29,uci_internal_fixed,blur_noise_to_clean,0,ba,tent,none,0.0,0.00011325386556659822,0.00011706445488850192,-1.5446537762300525e-05,-0.0
stage_a_uci_v2,29,uci_internal_fixed,blur_noise_to_clean,0,ab,tent,parameters,0.0,4.795019818809587e-05,4.0713696709201996e-05,-3.575621977400592e-06,-0.0
stage_a_uci_v2,29,uci_internal_fixed,blur_noise_to_clean,0,ba,tent,parameters,0.0,4.302145750730013e-05,5.233020281710313e-05,-1.0135708369099147e-05,-0.0
stage_a_uci_v2,29,uci_internal_fixed,blur_noise_to_clean,0,ab,tent,optimizer,0.0,6.411623608809647e-05,8.776122147200263e-05,-1.8362182306299463e-05,-0.0
stage_a_uci_v2,29,uci_internal_fixed,blur_noise_to_clean,0,ba,tent,optimizer,0.0,8.307809258070037e-05,7.177066176340327e-05,-4.985137031600362e-06,-0.0
stage_a_uci_v2,29,uci_internal_fixed,blur_noise_to_clean,0,ab,tent,parameters_optimizer,0.0,1.419732928279599e-05,7.909885468802835e-06,1.0211320240066657e-07,-0.0
stage_a_uci_v2,29,uci_internal_fixed,blur_noise_to_clean,0,ba,tent,parameters_optimizer,0.0,1.419732928279599e-05,7.909885468802835e-06,1.0211320240066657e-07,-0.0
stage_a_uci_v2,29,uci_internal_fixed,blur_noise_to_clean,0,ab,tent,aux,0.0,9.925725310269695e-05,0.0001214360184489012,-2.2297495029299785e-05,-0.0
stage_a_uci_v2,29,uci_internal_fixed,blur_noise_to_clean,0,ba,tent,aux,0.0,0.00011325386556659822,0.00011706445488850192,-1.5446537762300525e-05,-0.0
stage_a_uci_v2,29,uci_internal_fixed,blur_noise_to_clean,0,ab,tent,parameters_aux,0.0,4.795019818809587e-05,4.0713696709201996e-05,-3.575621977400592e-06,-0.0
stage_a_uci_v2,29,uci_internal_fixed,blur_noise_to_clean,0,ba,tent,parameters_aux,0.0,4.302145750730013e-05,5.233020281710313e-05,-1.0135708369099147e-05,-0.0
stage_a_uci_v2,29,uci_internal_fixed,blur_noise_to_clean,0,ab,tent,optimizer_aux,0.0,6.411623608809647e-05,8.776122147200263e-05,-1.8362182306299463e-05,-0.0
stage_a_uci_v2,29,uci_internal_fixed,blur_noise_to_clean,0,ba,tent,optimizer_aux,0.0,8.307809258070037e-05,7.177066176340327e-05,-4.985137031600362e-06,-0.0
stage_a_uci_v2,29,uci_internal_fixed,blur_noise_to_clean,0,ab,tent,parameters_optimizer_aux,0.0,1.419732928279599e-05,7.909885468802835e-06,1.0211320240066657e-07,-0.0
stage_a_uci_v2,29,uci_internal_fixed,blur_noise_to_clean,0,ba,tent,parameters_optimizer_aux,0.0,1.419732928279599e-05,7.909885468802835e-06,1.0211320240066657e-07,-0.0
stage_a_uci_v2,29,uci_internal_fixed,blur_noise_to_clean,0,ab,tent,all,0.0,1.419732928279599e-05,7.909885468802835e-06,1.0211320240066657e-07,-0.0
stage_a_uci_v2,29,uci_internal_fixed,blur_noise_to_clean,0,ba,tent,all,0.0,1.419732928279599e-05,7.909885468802835e-06,1.0211320240066657e-07,-0.0
stage_a_uci_v2,29,uci_internal_fixed,blur_noise_to_clean,4,ab,tent,none,0.0,0.00011302539585730104,0.0001306428478290017,-2.2176823690199868e-05,-0.0
stage_a_uci_v2,29,uci_internal_fixed,blur_noise_to_clean,4,ba,tent,none,0.0,0.00012223366975519512,0.000127621886786302,-1.7655987522399025e-05,-0.0
stage_a_uci_v2,29,uci_internal_fixed,blur_noise_to_clean,4,ab,tent,parameters,0.0,3.812979479899531e-05,2.8642068739002935e-05,-1.6801255365989087e-06,-0.0
stage_a_uci_v2,29,uci_internal_fixed,blur_noise_to_clean,4,ba,tent,parameters,0.0,3.470931959079909e-05,3.617797333100095e-05,-5.965987754499857e-06,-0.0
stage_a_uci_v2,29,uci_internal_fixed,blur_noise_to_clean,4,ab,tent,optimizer,0.0,8.809833281919754e-05,0.0001091880752040024,-2.023222508999896e-05,-0.0
stage_a_uci_v2,29,uci_internal_fixed,blur_noise_to_clean,4,ba,tent,optimizer,0.0,0.000100498476089797,9.850830886290116e-05,-1.1361970169099234e-05,-0.0
stage_a_uci_v2,29,uci_internal_fixed,blur_noise_to_clean,4,ab,tent,parameters_optimizer,0.0,1.419732928279599e-05,7.909885468802835e-06,1.0211320240066657e-07,-0.0
stage_a_uci_v2,29,uci_internal_fixed,blur_noise_to_clean,4,ba,tent,parameters_optimizer,0.0,1.419732928279599e-05,7.909885468802835e-06,1.0211320240066657e-07,-0.0
stage_a_uci_v2,29,uci_internal_fixed,blur_noise_to_clean,4,ab,tent,aux,0.0,0.00011302539585730104,0.0001306428478290017,-2.2176823690199868e-05,-0.0
stage_a_uci_v2,29,uci_internal_fixed,blur_noise_to_clean,4,ba,tent,aux,0.0,0.00012223366975519512,0.000127621886786302,-1.7655987522399025e-05,-0.0
stage_a_uci_v2,29,uci_internal_fixed,blur_noise_to_clean,4,ab,tent,parameters_aux,0.0,3.812979479899531e-05,2.8642068739002935e-05,-1.6801255365989087e-06,-0.0
stage_a_uci_v2,29,uci_internal_fixed,blur_noise_to_clean,4,ba,tent,parameters_aux,0.0,3.470931959079909e-05,3.617797333100095e-05,-5.965987754499857e-06,-0.0
stage_a_uci_v2,29,uci_internal_fixed,blur_noise_to_clean,4,ab,tent,optimizer_aux,0.0,8.809833281919754e-05,0.0001091880752040024,-2.023222508999896e-05,-0.0
stage_a_uci_v2,29,uci_internal_fixed,blur_noise_to_clean,4,ba,tent,optimizer_aux,0.0,0.000100498476089797,9.850830886290116e-05,-1.1361970169099234e-05,-0.0
stage_a_uci_v2,29,uci_internal_fixed,blur_noise_to_clean,4,ab,tent,parameters_optimizer_aux,0.0,1.419732928279599e-05,7.909885468802835e-06,1.0211320240066657e-07,-0.0
stage_a_uci_v2,29,uci_internal_fixed,blur_noise_to_clean,4,ba,tent,parameters_optimizer_aux,0.0,1.419732928279599e-05,7.909885468802835e-06,1.0211320240066657e-07,-0.0
stage_a_uci_v2,29,uci_internal_fixed,blur_noise_to_clean,4,ab,tent,all,0.0,1.419732928279599e-05,7.909885468802835e-06,1.0211320240066657e-07,-0.0
stage_a_uci_v2,29,uci_internal_fixed,blur_noise_to_clean,4,ba,tent,all,0.0,1.419732928279599e-05,7.909885468802835e-06,1.0211320240066657e-07,-0.0
stage_a_uci_v2,29,uci_internal_fixed,blur_noise_to_clean,0,ab,sar_complete,none,0.0,2.691092030951414e-07,2.0928086830185322e-07,-6.950998980050083e-08,-0.0
stage_a_uci_v2,29,uci_internal_fixed,blur_noise_to_clean,0,ba,sar_complete,none,0.0,4.1535447199703146e-08,3.846130600115849e-08,-9.925006170044548e-08,-0.0
stage_a_uci_v2,29,uci_internal_fixed,blur_noise_to_clean,0,ab,sar_complete,parameters,0.0,0.0,0.0,0.0,-0.0
stage_a_uci_v2,29,uci_internal_fixed,blur_noise_to_clean,0,ba,sar_complete,parameters,0.0,0.0,0.0,0.0,-0.0
stage_a_uci_v2,29,uci_internal_fixed,blur_noise_to_clean,0,ab,sar_complete,optimizer,0.0,2.691092030951414e-07,2.0928086830185322e-07,-6.950998980050083e-08,-0.0
stage_a_uci_v2,29,uci_internal_fixed,blur_noise_to_clean,0,ba,sar_complete,optimizer,0.0,4.1535447199703146e-08,3.846130600115849e-08,-9.925006170044548e-08,-0.0
stage_a_uci_v2,29,uci_internal_fixed,blur_noise_to_clean,0,ab,sar_complete,parameters_optimizer,0.0,0.0,0.0,0.0,-0.0
stage_a_uci_v2,29,uci_internal_fixed,blur_noise_to_clean,0,ba,sar_complete,parameters_optimizer,0.0,0.0,0.0,0.0,-0.0
stage_a_uci_v2,29,uci_internal_fixed,blur_noise_to_clean,0,ab,sar_complete,aux,0.0,2.691092030951414e-07,2.0928086830185322e-07,-6.950998980050083e-08,-0.0
stage_a_uci_v2,29,uci_internal_fixed,blur_noise_to_clean,0,ba,sar_complete,aux,0.0,4.1535447199703146e-08,3.846130600115849e-08,-9.925006170044548e-08,-0.0
stage_a_uci_v2,29,uci_internal_fixed,blur_noise_to_clean,0,ab,sar_complete,parameters_aux,0.0,0.0,0.0,0.0,-0.0
stage_a_uci_v2,29,uci_internal_fixed,blur_noise_to_clean,0,ba,sar_complete,parameters_aux,0.0,0.0,0.0,0.0,-0.0
stage_a_uci_v2,29,uci_internal_fixed,blur_noise_to_clean,0,ab,sar_complete,optimizer_aux,0.0,2.691092030951414e-07,2.0928086830185322e-07,-6.950998980050083e-08,-0.0
stage_a_uci_v2,29,uci_internal_fixed,blur_noise_to_clean,0,ba,sar_complete,optimizer_aux,0.0,4.1535447199703146e-08,3.846130600115849e-08,-9.925006170044548e-08,-0.0
stage_a_uci_v2,29,uci_internal_fixed,blur_noise_to_clean,0,ab,sar_complete,parameters_optimizer_aux,0.0,0.0,0.0,0.0,-0.0
stage_a_uci_v2,29,uci_internal_fixed,blur_noise_to_clean,0,ba,sar_complete,parameters_optimizer_aux,0.0,0.0,0.0,0.0,-0.0
stage_a_uci_v2,29,uci_internal_fixed,blur_noise_to_clean,0,ab,sar_complete,all,0.0,0.0,0.0,0.0,-0.0
stage_a_uci_v2,29,uci_internal_fixed,blur_noise_to_clean,0,ba,sar_complete,all,0.0,0.0,0.0,0.0,-0.0
stage_a_uci_v2,29,uci_internal_fixed,blur_noise_to_clean,4,ab,sar_complete,none,0.0,0.0,0.0,0.0,-0.0
stage_a_uci_v2,29,uci_internal_fixed,blur_noise_to_clean,4,ba,sar_complete,none,0.0,0.0,0.0,0.0,-0.0
stage_a_uci_v2,29,uci_internal_fixed,blur_noise_to_clean,4,ab,sar_complete,parameters,0.0,0.0,0.0,0.0,-0.0
stage_a_uci_v2,29,uci_internal_fixed,blur_noise_to_clean,4,ba,sar_complete,parameters,0.0,0.0,0.0,0.0,-0.0
stage_a_uci_v2,29,uci_internal_fixed,blur_noise_to_clean,4,ab,sar_complete,optimizer,0.0,0.0,0.0,0.0,-0.0
stage_a_uci_v2,29,uci_internal_fixed,blur_noise_to_clean,4,ba,sar_complete,optimizer,0.0,0.0,0.0,0.0,-0.0
stage_a_uci_v2,29,uci_internal_fixed,blur_noise_to_clean,4,ab,sar_complete,parameters_optimizer,0.0,0.0,0.0,0.0,-0.0
stage_a_uci_v2,29,uci_internal_fixed,blur_noise_to_clean,4,ba,sar_complete,parameters_optimizer,0.0,0.0,0.0,0.0,-0.0
stage_a_uci_v2,29,uci_internal_fixed,blur_noise_to_clean,4,ab,sar_complete,aux,0.0,0.0,0.0,0.0,-0.0
stage_a_uci_v2,29,uci_internal_fixed,blur_noise_to_clean,4,ba,sar_complete,aux,0.0,0.0,0.0,0.0,-0.0
stage_a_uci_v2,29,uci_internal_fixed,blur_noise_to_clean,4,ab,sar_complete,parameters_aux,0.0,0.0,0.0,0.0,-0.0
stage_a_uci_v2,29,uci_internal_fixed,blur_noise_to_clean,4,ba,sar_complete,parameters_aux,0.0,0.0,0.0,0.0,-0.0
stage_a_uci_v2,29,uci_internal_fixed,blur_noise_to_clean,4,ab,sar_complete,optimizer_aux,0.0,0.0,0.0,0.0,-0.0
stage_a_uci_v2,29,uci_internal_fixed,blur_noise_to_clean,4,ba,sar_complete,optimizer_aux,0.0,0.0,0.0,0.0,-0.0
stage_a_uci_v2,29,uci_internal_fixed,blur_noise_to_clean,4,ab,sar_complete,parameters_optimizer_aux,0.0,0.0,0.0,0.0,-0.0
stage_a_uci_v2,29,uci_internal_fixed,blur_noise_to_clean,4,ba,sar_complete,parameters_optimizer_aux,0.0,0.0,0.0,0.0,-0.0
stage_a_uci_v2,29,uci_internal_fixed,blur_noise_to_clean,4,ab,sar_complete,all,0.0,0.0,0.0,0.0,-0.0
stage_a_uci_v2,29,uci_internal_fixed,blur_noise_to_clean,4,ba,sar_complete,all,0.0,0.0,0.0,0.0,-0.0
stage_a_uci_v2,43,uci_internal_fixed,noise_brightness_to_blur,0,ab,source,none,-0.30078125,0.7124455325519035,0.41911212170160894,0.1727958481957746,0.30078125
stage_a_uci_v2,43,uci_internal_fixed,noise_brightness_to_blur,0,ba,source,none,-0.30078125,0.7124455325519035,0.41911212170160894,0.1727958481957746,0.30078125
stage_a_uci_v2,43,uci_internal_fixed,noise_brightness_to_blur,0,ab,source,all,-0.30078125,0.7124455325519035,0.41911212170160894,0.1727958481957746,0.30078125
stage_a_uci_v2,43,uci_internal_fixed,noise_brightness_to_blur,0,ba,source,all,-0.30078125,0.7124455325519035,0.41911212170160894,0.1727958481957746,0.30078125
stage_a_uci_v2,43,uci_internal_fixed,noise_brightness_to_blur,4,ab,source,none,-0.30078125,0.7124455325519035,0.41911212170160894,0.1727958481957746,0.30078125
stage_a_uci_v2,43,uci_internal_fixed,noise_brightness_to_blur,4,ba,source,none,-0.30078125,0.7124455325519035,0.41911212170160894,0.1727958481957746,0.30078125
stage_a_uci_v2,43,uci_internal_fixed,noise_brightness_to_blur,4,ab,source,all,-0.30078125,0.7124455325519035,0.41911212170160894,0.1727958481957746,0.30078125
stage_a_uci_v2,43,uci_internal_fixed,noise_brightness_to_blur,4,ba,source,all,-0.30078125,0.7124455325519035,0.41911212170160894,0.1727958481957746,0.30078125
stage_a_uci_v2,43,uci_internal_fixed,noise_brightness_to_blur,0,ab,tent,none,0.0,-0.0008595118813790048,-0.0004117960269605092,0.0003175595320142055,-0.0
stage_a_uci_v2,43,uci_internal_fixed,noise_brightness_to_blur,0,ba,tent,none,0.0,-0.0010279122224898796,-0.00045856479379247084,0.0002803300220227123,-0.0
stage_a_uci_v2,43,uci_internal_fixed,noise_brightness_to_blur,0,ab,tent,parameters,0.0,-0.0014340582563295845,-0.0005138640925618776,0.00014354728206709966,-0.0
stage_a_uci_v2,43,uci_internal_fixed,noise_brightness_to_blur,0,ba,tent,parameters,0.0,-0.0012056011256780241,-0.00046021124537898306,0.00017858352739841266,-0.0
stage_a_uci_v2,43,uci_internal_fixed,noise_brightness_to_blur,0,ab,tent,optimizer,0.0,-0.0009842734914242701,-0.00042699127407958004,0.000281981235195905,-0.0
stage_a_uci_v2,43,uci_internal_fixed,noise_brightness_to_blur,0,ba,tent,optimizer,0.0,-0.0013838634878944323,-0.0005283279487905967,0.00020959531719300095,-0.0
stage_a_uci_v2,43,uci_internal_fixed,noise_brightness_to_blur,0,ab,tent,parameters_optimizer,0.0,-0.0015569216579224276,-0.0005283173698316657,0.00010780516508650251,-0.0
stage_a_uci_v2,43,uci_internal_fixed,noise_brightness_to_blur,0,ba,tent,parameters_optimizer,0.0,-0.0015569216579224276,-0.0005283173698316657,0.00010780516508650251,-0.0
stage_a_uci_v2,43,uci_internal_fixed,noise_brightness_to_blur,0,ab,tent,aux,0.0,-0.0008595118813790048,-0.0004117960269605092,0.0003175595320142055,-0.0
stage_a_uci_v2,43,uci_internal_fixed,noise_brightness_to_blur,0,ba,tent,aux,0.0,-0.0010279122224898796,-0.00045856479379247084,0.0002803300220227123,-0.0
stage_a_uci_v2,43,uci_internal_fixed,noise_brightness_to_blur,0,ab,tent,parameters_aux,0.0,-0.0014340582563295845,-0.0005138640925618776,0.00014354728206709966,-0.0
stage_a_uci_v2,43,uci_internal_fixed,noise_brightness_to_blur,0,ba,tent,parameters_aux,0.0,-0.0012056011256780241,-0.00046021124537898306,0.00017858352739841266,-0.0
stage_a_uci_v2,43,uci_internal_fixed,noise_brightness_to_blur,0,ab,tent,optimizer_aux,0.0,-0.0009842734914242701,-0.00042699127407958004,0.000281981235195905,-0.0
stage_a_uci_v2,43,uci_internal_fixed,noise_brightness_to_blur,0,ba,tent,optimizer_aux,0.0,-0.0013838634878944323,-0.0005283279487905967,0.00020959531719300095,-0.0
stage_a_uci_v2,43,uci_internal_fixed,noise_brightness_to_blur,0,ab,tent,parameters_optimizer_aux,0.0,-0.0015569216579224276,-0.0005283173698316657,0.00010780516508650251,-0.0
stage_a_uci_v2,43,uci_internal_fixed,noise_brightness_to_blur,0,ba,tent,parameters_optimizer_aux,0.0,-0.0015569216579224276,-0.0005283173698316657,0.00010780516508650251,-0.0
stage_a_uci_v2,43,uci_internal_fixed,noise_brightness_to_blur,0,ab,tent,all,0.0,-0.0015569216579224276,-0.0005283173698316657,0.00010780516508650251,-0.0
stage_a_uci_v2,43,uci_internal_fixed,noise_brightness_to_blur,0,ba,tent,all,0.0,-0.0015569216579224276,-0.0005283173698316657,0.00010780516508650251,-0.0
stage_a_uci_v2,43,uci_internal_fixed,noise_brightness_to_blur,4,ab,tent,none,0.0,-0.0025900301384629287,-0.0010022826690603837,0.0004162850914113114,-0.0
stage_a_uci_v2,43,uci_internal_fixed,noise_brightness_to_blur,4,ba,tent,none,0.0,-0.002699314059034119,-0.0010322938468991794,0.0003918050025757125,-0.0
stage_a_uci_v2,43,uci_internal_fixed,noise_brightness_to_blur,4,ab,tent,parameters,0.0,-0.00254136139364336,-0.0008825084807086991,0.00018610967359430908,-0.0
stage_a_uci_v2,43,uci_internal_fixed,noise_brightness_to_blur,4,ba,tent,parameters,0.0,-0.002388933849893138,-0.0008464088304044881,0.00020919226040350125,-0.0
stage_a_uci_v2,43,uci_internal_fixed,noise_brightness_to_blur,4,ab,tent,optimizer,0.0,-0.001612735200307025,-0.0006509584393507017,0.0003389600551021027,-0.0
stage_a_uci_v2,43,uci_internal_fixed,noise_brightness_to_blur,4,ba,tent,optimizer,0.0,-0.0018765473842599079,-0.0007179175859131082,0.0002915806506948032,-0.0
stage_a_uci_v2,43,uci_internal_fixed,noise_brightness_to_blur,4,ab,tent,parameters_optimizer,0.0,-0.0015569216579224276,-0.0005283173698316657,0.00010780516508650251,-0.0
stage_a_uci_v2,43,uci_internal_fixed,noise_brightness_to_blur,4,ba,tent,parameters_optimizer,0.0,-0.0015569216579224276,-0.0005283173698316657,0.00010780516508650251,-0.0
stage_a_uci_v2,43,uci_internal_fixed,noise_brightness_to_blur,4,ab,tent,aux,0.0,-0.0025900301384629287,-0.0010022826690603837,0.0004162850914113114,-0.0
stage_a_uci_v2,43,uci_internal_fixed,noise_brightness_to_blur,4,ba,tent,aux,0.0,-0.002699314059034119,-0.0010322938468991794,0.0003918050025757125,-0.0
stage_a_uci_v2,43,uci_internal_fixed,noise_brightness_to_blur,4,ab,tent,parameters_aux,0.0,-0.00254136139364336,-0.0008825084807086991,0.00018610967359430908,-0.0
stage_a_uci_v2,43,uci_internal_fixed,noise_brightness_to_blur,4,ba,tent,parameters_aux,0.0,-0.002388933849893138,-0.0008464088304044881,0.00020919226040350125,-0.0
stage_a_uci_v2,43,uci_internal_fixed,noise_brightness_to_blur,4,ab,tent,optimizer_aux,0.0,-0.001612735200307025,-0.0006509584393507017,0.0003389600551021027,-0.0
stage_a_uci_v2,43,uci_internal_fixed,noise_brightness_to_blur,4,ba,tent,optimizer_aux,0.0,-0.0018765473842599079,-0.0007179175859131082,0.0002915806506948032,-0.0
stage_a_uci_v2,43,uci_internal_fixed,noise_brightness_to_blur,4,ab,tent,parameters_optimizer_aux,0.0,-0.0015569216579224276,-0.0005283173698316657,0.00010780516508650251,-0.0
stage_a_uci_v2,43,uci_internal_fixed,noise_brightness_to_blur,4,ba,tent,parameters_optimizer_aux,0.0,-0.0015569216579224276,-0.0005283173698316657,0.00010780516508650251,-0.0
stage_a_uci_v2,43,uci_internal_fixed,noise_brightness_to_blur,4,ab,tent,all,0.0,-0.0015569216579224276,-0.0005283173698316657,0.00010780516508650251,-0.0
stage_a_uci_v2,43,uci_internal_fixed,noise_brightness_to_blur,4,ba,tent,all,0.0,-0.0015569216579224276,-0.0005283173698316657,0.00010780516508650251,-0.0
stage_a_uci_v2,43,uci_internal_fixed,noise_brightness_to_blur,0,ab,sar_complete,none,0.0,-2.5560827812132203e-06,-5.028232029080648e-06,1.1029641690252223e-07,-0.0
stage_a_uci_v2,43,uci_internal_fixed,noise_brightness_to_blur,0,ba,sar_complete,none,0.0,-2.5560827812132203e-06,-5.028232029080648e-06,1.1029641690252223e-07,-0.0
stage_a_uci_v2,43,uci_internal_fixed,noise_brightness_to_blur,0,ab,sar_complete,parameters,0.0,-2.5560827812132203e-06,-5.028232029080648e-06,1.1029641690252223e-07,-0.0
stage_a_uci_v2,43,uci_internal_fixed,noise_brightness_to_blur,0,ba,sar_complete,parameters,0.0,-2.5560827812132203e-06,-5.028232029080648e-06,1.1029641690252223e-07,-0.0
stage_a_uci_v2,43,uci_internal_fixed,noise_brightness_to_blur,0,ab,sar_complete,optimizer,0.0,-2.5560827812132203e-06,-5.028232029080648e-06,1.1029641690252223e-07,-0.0
stage_a_uci_v2,43,uci_internal_fixed,noise_brightness_to_blur,0,ba,sar_complete,optimizer,0.0,-2.5560827812132203e-06,-5.028232029080648e-06,1.1029641690252223e-07,-0.0
stage_a_uci_v2,43,uci_internal_fixed,noise_brightness_to_blur,0,ab,sar_complete,parameters_optimizer,0.0,-2.5560827812132203e-06,-5.028232029080648e-06,1.1029641690252223e-07,-0.0
stage_a_uci_v2,43,uci_internal_fixed,noise_brightness_to_blur,0,ba,sar_complete,parameters_optimizer,0.0,-2.5560827812132203e-06,-5.028232029080648e-06,1.1029641690252223e-07,-0.0
stage_a_uci_v2,43,uci_internal_fixed,noise_brightness_to_blur,0,ab,sar_complete,aux,0.0,-0.001795455355514175,-0.0005932102826307073,0.00011097766656530117,-0.0
stage_a_uci_v2,43,uci_internal_fixed,noise_brightness_to_blur,0,ba,sar_complete,aux,0.0,-0.001795455355514175,-0.0005932102826307073,0.00011097766656530117,-0.0
stage_a_uci_v2,43,uci_internal_fixed,noise_brightness_to_blur,0,ab,sar_complete,parameters_aux,0.0,-0.001795455355514175,-0.0005932102826307073,0.00011097766656530117,-0.0
stage_a_uci_v2,43,uci_internal_fixed,noise_brightness_to_blur,0,ba,sar_complete,parameters_aux,0.0,-0.001795455355514175,-0.0005932102826307073,0.00011097766656530117,-0.0
stage_a_uci_v2,43,uci_internal_fixed,noise_brightness_to_blur,0,ab,sar_complete,optimizer_aux,0.0,-0.001795455355514175,-0.0005932102826307073,0.00011097766656530117,-0.0
stage_a_uci_v2,43,uci_internal_fixed,noise_brightness_to_blur,0,ba,sar_complete,optimizer_aux,0.0,-0.001795455355514175,-0.0005932102826307073,0.00011097766656530117,-0.0
stage_a_uci_v2,43,uci_internal_fixed,noise_brightness_to_blur,0,ab,sar_complete,parameters_optimizer_aux,0.0,-0.001795455355514175,-0.0005932102826307073,0.00011097766656530117,-0.0
stage_a_uci_v2,43,uci_internal_fixed,noise_brightness_to_blur,0,ba,sar_complete,parameters_optimizer_aux,0.0,-0.001795455355514175,-0.0005932102826307073,0.00011097766656530117,-0.0
stage_a_uci_v2,43,uci_internal_fixed,noise_brightness_to_blur,0,ab,sar_complete,all,0.0,-0.001795455355514175,-0.0005932102826307073,0.00011097766656530117,-0.0
stage_a_uci_v2,43,uci_internal_fixed,noise_brightness_to_blur,0,ba,sar_complete,all,0.0,-0.001795455355514175,-0.0005932102826307073,0.00011097766656530117,-0.0
stage_a_uci_v2,43,uci_internal_fixed,noise_brightness_to_blur,4,ab,sar_complete,none,0.0,0.0001554076827531281,3.306762799121232e-05,9.892793016011425e-06,-0.0
stage_a_uci_v2,43,uci_internal_fixed,noise_brightness_to_blur,4,ba,sar_complete,none,0.0,0.0001554076827531281,3.306762799121232e-05,9.892793016011425e-06,-0.0
stage_a_uci_v2,43,uci_internal_fixed,noise_brightness_to_blur,4,ab,sar_complete,parameters,0.0,0.0001554076827531281,3.306762799121232e-05,9.892793016011425e-06,-0.0
stage_a_uci_v2,43,uci_internal_fixed,noise_brightness_to_blur,4,ba,sar_complete,parameters,0.0,0.0001554076827531281,3.306762799121232e-05,9.892793016011425e-06,-0.0
stage_a_uci_v2,43,uci_internal_fixed,noise_brightness_to_blur,4,ab,sar_complete,optimizer,0.0,0.0001554076827531281,3.306762799121232e-05,9.892793016011425e-06,-0.0
stage_a_uci_v2,43,uci_internal_fixed,noise_brightness_to_blur,4,ba,sar_complete,optimizer,0.0,0.0001554076827531281,3.306762799121232e-05,9.892793016011425e-06,-0.0
stage_a_uci_v2,43,uci_internal_fixed,noise_brightness_to_blur,4,ab,sar_complete,parameters_optimizer,0.0,0.0001554076827531281,3.306762799121232e-05,9.892793016011425e-06,-0.0
stage_a_uci_v2,43,uci_internal_fixed,noise_brightness_to_blur,4,ba,sar_complete,parameters_optimizer,0.0,0.0001554076827531281,3.306762799121232e-05,9.892793016011425e-06,-0.0
stage_a_uci_v2,43,uci_internal_fixed,noise_brightness_to_blur,4,ab,sar_complete,aux,0.0,-0.001795455355514175,-0.0005932102826307073,0.00011097766656530117,-0.0
stage_a_uci_v2,43,uci_internal_fixed,noise_brightness_to_blur,4,ba,sar_complete,aux,0.0,-0.001795455355514175,-0.0005932102826307073,0.00011097766656530117,-0.0
stage_a_uci_v2,43,uci_internal_fixed,noise_brightness_to_blur,4,ab,sar_complete,parameters_aux,0.0,-0.001795455355514175,-0.0005932102826307073,0.00011097766656530117,-0.0
stage_a_uci_v2,43,uci_internal_fixed,noise_brightness_to_blur,4,ba,sar_complete,parameters_aux,0.0,-0.001795455355514175,-0.0005932102826307073,0.00011097766656530117,-0.0
stage_a_uci_v2,43,uci_internal_fixed,noise_brightness_to_blur,4,ab,sar_complete,optimizer_aux,0.0,-0.001795455355514175,-0.0005932102826307073,0.00011097766656530117,-0.0
stage_a_uci_v2,43,uci_internal_fixed,noise_brightness_to_blur,4,ba,sar_complete,optimizer_aux,0.0,-0.001795455355514175,-0.0005932102826307073,0.00011097766656530117,-0.0
stage_a_uci_v2,43,uci_internal_fixed,noise_brightness_to_blur,4,ab,sar_complete,parameters_optimizer_aux,0.0,-0.001795455355514175,-0.0005932102826307073,0.00011097766656530117,-0.0
stage_a_uci_v2,43,uci_internal_fixed,noise_brightness_to_blur,4,ba,sar_complete,parameters_optimizer_aux,0.0,-0.001795455355514175,-0.0005932102826307073,0.00011097766656530117,-0.0
stage_a_uci_v2,43,uci_internal_fixed,noise_brightness_to_blur,4,ab,sar_complete,all,0.0,-0.001795455355514175,-0.0005932102826307073,0.00011097766656530117,-0.0
stage_a_uci_v2,43,uci_internal_fixed,noise_brightness_to_blur,4,ba,sar_complete,all,0.0,-0.001795455355514175,-0.0005932102826307073,0.00011097766656530117,-0.0
stage_a_uci_v2,43,uci_internal_fixed,blur_noise_to_clean,0,ab,source,none,0.0,-0.0007261145323151016,-0.00034811010897499786,0.002304481304236201,-0.0
stage_a_uci_v2,43,uci_internal_fixed,blur_noise_to_clean,0,ba,source,none,0.0,-0.0007261145323151016,-0.00034811010897499786,0.002304481304236201,-0.0
stage_a_uci_v2,43,uci_internal_fixed,blur_noise_to_clean,0,ab,source,all,0.0,-0.0007261145323151016,-0.00034811010897499786,0.002304481304236201,-0.0
stage_a_uci_v2,43,uci_internal_fixed,blur_noise_to_clean,0,ba,source,all,0.0,-0.0007261145323151016,-0.00034811010897499786,0.002304481304236201,-0.0
stage_a_uci_v2,43,uci_internal_fixed,blur_noise_to_clean,4,ab,source,none,0.0,-0.0007261145323151016,-0.00034811010897499786,0.002304481304236201,-0.0
stage_a_uci_v2,43,uci_internal_fixed,blur_noise_to_clean,4,ba,source,none,0.0,-0.0007261145323151016,-0.00034811010897499786,0.002304481304236201,-0.0
stage_a_uci_v2,43,uci_internal_fixed,blur_noise_to_clean,4,ab,source,all,0.0,-0.0007261145323151016,-0.00034811010897499786,0.002304481304236201,-0.0
stage_a_uci_v2,43,uci_internal_fixed,blur_noise_to_clean,4,ba,source,all,0.0,-0.0007261145323151016,-0.00034811010897499786,0.002304481304236201,-0.0
stage_a_uci_v2,43,uci_internal_fixed,blur_noise_to_clean,0,ab,tent,none,0.0,5.239009818829715e-05,4.551255275430169e-05,0.0013106501159456004,-0.0
stage_a_uci_v2,43,uci_internal_fixed,blur_noise_to_clean,0,ba,tent,none,0.0,5.352400889149789e-05,4.5724188676300737e-05,0.0013105651709983002,-0.0
stage_a_uci_v2,43,uci_internal_fixed,blur_noise_to_clean,0,ab,tent,parameters,0.0,2.3614805060294397e-05,1.895196179870287e-05,1.3834150651998584e-06,-0.0
stage_a_uci_v2,43,uci_internal_fixed,blur_noise_to_clean,0,ba,tent,parameters,0.0,9.929007906694931e-06,8.070167399402278e-06,2.2613910943009713e-06,-0.0
stage_a_uci_v2,43,uci_internal_fixed,blur_noise_to_clean,0,ab,tent,optimizer,0.0,2.908554520339446e-05,2.745162306220031e-05,3.997527212900448e-06,-0.0
stage_a_uci_v2,43,uci_internal_fixed,blur_noise_to_clean,0,ba,tent,optimizer,0.0,4.392212431919562e-05,3.842692119499988e-05,0.001304779481393301,-0.0
stage_a_uci_v2,43,uci_internal_fixed,blur_noise_to_clean,0,ab,tent,parameters_optimizer,0.0,3.818585249948381e-07,9.507464837008039e-07,-1.6853434855988725e-06,-0.0
stage_a_uci_v2,43,uci_internal_fixed,blur_noise_to_clean,0,ba,tent,parameters_optimizer,0.0,3.818585249948381e-07,9.507464837008039e-07,-1.6853434855988725e-06,-0.0
stage_a_uci_v2,43,uci_internal_fixed,blur_noise_to_clean,0,ab,tent,aux,0.0,5.239009818829715e-05,4.551255275430169e-05,0.0013106501159456004,-0.0
stage_a_uci_v2,43,uci_internal_fixed,blur_noise_to_clean,0,ba,tent,aux,0.0,5.352400889149789e-05,4.5724188676300737e-05,0.0013105651709983002,-0.0
stage_a_uci_v2,43,uci_internal_fixed,blur_noise_to_clean,0,ab,tent,parameters_aux,0.0,2.3614805060294397e-05,1.895196179870287e-05,1.3834150651998584e-06,-0.0
stage_a_uci_v2,43,uci_internal_fixed,blur_noise_to_clean,0,ba,tent,parameters_aux,0.0,9.929007906694931e-06,8.070167399402278e-06,2.2613910943009713e-06,-0.0
stage_a_uci_v2,43,uci_internal_fixed,blur_noise_to_clean,0,ab,tent,optimizer_aux,0.0,2.908554520339446e-05,2.745162306220031e-05,3.997527212900448e-06,-0.0
stage_a_uci_v2,43,uci_internal_fixed,blur_noise_to_clean,0,ba,tent,optimizer_aux,0.0,4.392212431919562e-05,3.842692119499988e-05,0.001304779481393301,-0.0
stage_a_uci_v2,43,uci_internal_fixed,blur_noise_to_clean,0,ab,tent,parameters_optimizer_aux,0.0,3.818585249948381e-07,9.507464837008039e-07,-1.6853434855988725e-06,-0.0
stage_a_uci_v2,43,uci_internal_fixed,blur_noise_to_clean,0,ba,tent,parameters_optimizer_aux,0.0,3.818585249948381e-07,9.507464837008039e-07,-1.6853434855988725e-06,-0.0
stage_a_uci_v2,43,uci_internal_fixed,blur_noise_to_clean,0,ab,tent,all,0.0,3.818585249948381e-07,9.507464837008039e-07,-1.6853434855988725e-06,-0.0
stage_a_uci_v2,43,uci_internal_fixed,blur_noise_to_clean,0,ba,tent,all,0.0,3.818585249948381e-07,9.507464837008039e-07,-1.6853434855988725e-06,-0.0
stage_a_uci_v2,43,uci_internal_fixed,blur_noise_to_clean,4,ab,tent,none,0.0,3.9359749150695567e-05,4.0998144965102845e-05,0.0013059995482326003,-0.0
stage_a_uci_v2,43,uci_internal_fixed,blur_noise_to_clean,4,ba,tent,none,0.0,4.00562823150985e-05,4.104364951360018e-05,0.0013059724480126,-0.0
stage_a_uci_v2,43,uci_internal_fixed,blur_noise_to_clean,4,ab,tent,parameters,0.0,2.3935820878950853e-06,6.660959486700507e-06,-1.7783937684996004e-06,-0.0
stage_a_uci_v2,43,uci_internal_fixed,blur_noise_to_clean,4,ba,tent,parameters,0.0,-6.571770968702428e-06,-4.565215959984048e-07,-1.2030958472988157e-06,-0.0
stage_a_uci_v2,43,uci_internal_fixed,blur_noise_to_clean,4,ab,tent,optimizer,0.0,3.743936390699504e-05,3.540059318220268e-05,3.911974680199937e-06,-0.0
stage_a_uci_v2,43,uci_internal_fixed,blur_noise_to_clean,4,ba,tent,optimizer,0.0,4.7154950405393914e-05,4.2534694527800176e-05,0.001305991695235001,-0.0
stage_a_uci_v2,43,uci_internal_fixed,blur_noise_to_clean,4,ab,tent,parameters_optimizer,0.0,3.818585249948381e-07,9.507464837008039e-07,-1.6853434855988725e-06,-0.0
stage_a_uci_v2,43,uci_internal_fixed,blur_noise_to_clean,4,ba,tent,parameters_optimizer,0.0,3.818585249948381e-07,9.507464837008039e-07,-1.6853434855988725e-06,-0.0
stage_a_uci_v2,43,uci_internal_fixed,blur_noise_to_clean,4,ab,tent,aux,0.0,3.9359749150695567e-05,4.0998144965102845e-05,0.0013059995482326003,-0.0
stage_a_uci_v2,43,uci_internal_fixed,blur_noise_to_clean,4,ba,tent,aux,0.0,4.00562823150985e-05,4.104364951360018e-05,0.0013059724480126,-0.0
stage_a_uci_v2,43,uci_internal_fixed,blur_noise_to_clean,4,ab,tent,parameters_aux,0.0,2.3935820878950853e-06,6.660959486700507e-06,-1.7783937684996004e-06,-0.0
stage_a_uci_v2,43,uci_internal_fixed,blur_noise_to_clean,4,ba,tent,parameters_aux,0.0,-6.571770968702428e-06,-4.565215959984048e-07,-1.2030958472988157e-06,-0.0
stage_a_uci_v2,43,uci_internal_fixed,blur_noise_to_clean,4,ab,tent,optimizer_aux,0.0,3.743936390699504e-05,3.540059318220268e-05,3.911974680199937e-06,-0.0
stage_a_uci_v2,43,uci_internal_fixed,blur_noise_to_clean,4,ba,tent,optimizer_aux,0.0,4.7154950405393914e-05,4.2534694527800176e-05,0.001305991695235001,-0.0
stage_a_uci_v2,43,uci_internal_fixed,blur_noise_to_clean,4,ab,tent,parameters_optimizer_aux,0.0,3.818585249948381e-07,9.507464837008039e-07,-1.6853434855988725e-06,-0.0
stage_a_uci_v2,43,uci_internal_fixed,blur_noise_to_clean,4,ba,tent,parameters_optimizer_aux,0.0,3.818585249948381e-07,9.507464837008039e-07,-1.6853434855988725e-06,-0.0
stage_a_uci_v2,43,uci_internal_fixed,blur_noise_to_clean,4,ab,tent,all,0.0,3.818585249948381e-07,9.507464837008039e-07,-1.6853434855988725e-06,-0.0
stage_a_uci_v2,43,uci_internal_fixed,blur_noise_to_clean,4,ba,tent,all,0.0,3.818585249948381e-07,9.507464837008039e-07,-1.6853434855988725e-06,-0.0
stage_a_uci_v2,43,uci_internal_fixed,blur_noise_to_clean,0,ab,sar_complete,none,0.0,-3.5265425463032463e-06,-3.927614210981478e-07,3.3861805061007055e-06,-0.0
stage_a_uci_v2,43,uci_internal_fixed,blur_noise_to_clean,0,ba,sar_complete,none,0.0,-1.0718928659947391e-07,-1.1890721598323273e-08,1.0294968050099385e-07,-0.0
stage_a_uci_v2,43,uci_internal_fixed,blur_noise_to_clean,0,ab,sar_complete,parameters,0.0,0.0,0.0,0.0,-0.0
stage_a_uci_v2,43,uci_internal_fixed,blur_noise_to_clean,0,ba,sar_complete,parameters,0.0,0.0,0.0,0.0,-0.0
stage_a_uci_v2,43,uci_internal_fixed,blur_noise_to_clean,0,ab,sar_complete,optimizer,0.0,-3.5265425463032463e-06,-3.927614210981478e-07,3.3861805061007055e-06,-0.0
stage_a_uci_v2,43,uci_internal_fixed,blur_noise_to_clean,0,ba,sar_complete,optimizer,0.0,-1.0718928659947391e-07,-1.1890721598323273e-08,1.0294968050099385e-07,-0.0
stage_a_uci_v2,43,uci_internal_fixed,blur_noise_to_clean,0,ab,sar_complete,parameters_optimizer,0.0,0.0,0.0,0.0,-0.0
stage_a_uci_v2,43,uci_internal_fixed,blur_noise_to_clean,0,ba,sar_complete,parameters_optimizer,0.0,0.0,0.0,0.0,-0.0
stage_a_uci_v2,43,uci_internal_fixed,blur_noise_to_clean,0,ab,sar_complete,aux,0.0,-3.5265425463032463e-06,-3.927614210981478e-07,3.3861805061007055e-06,-0.0
stage_a_uci_v2,43,uci_internal_fixed,blur_noise_to_clean,0,ba,sar_complete,aux,0.0,-1.0718928659947391e-07,-1.1890721598323273e-08,1.0294968050099385e-07,-0.0
stage_a_uci_v2,43,uci_internal_fixed,blur_noise_to_clean,0,ab,sar_complete,parameters_aux,0.0,0.0,0.0,0.0,-0.0
stage_a_uci_v2,43,uci_internal_fixed,blur_noise_to_clean,0,ba,sar_complete,parameters_aux,0.0,0.0,0.0,0.0,-0.0
stage_a_uci_v2,43,uci_internal_fixed,blur_noise_to_clean,0,ab,sar_complete,optimizer_aux,0.0,-3.5265425463032463e-06,-3.927614210981478e-07,3.3861805061007055e-06,-0.0
stage_a_uci_v2,43,uci_internal_fixed,blur_noise_to_clean,0,ba,sar_complete,optimizer_aux,0.0,-1.0718928659947391e-07,-1.1890721598323273e-08,1.0294968050099385e-07,-0.0
stage_a_uci_v2,43,uci_internal_fixed,blur_noise_to_clean,0,ab,sar_complete,parameters_optimizer_aux,0.0,0.0,0.0,0.0,-0.0
stage_a_uci_v2,43,uci_internal_fixed,blur_noise_to_clean,0,ba,sar_complete,parameters_optimizer_aux,0.0,0.0,0.0,0.0,-0.0
stage_a_uci_v2,43,uci_internal_fixed,blur_noise_to_clean,0,ab,sar_complete,all,0.0,0.0,0.0,0.0,-0.0
stage_a_uci_v2,43,uci_internal_fixed,blur_noise_to_clean,0,ba,sar_complete,all,0.0,0.0,0.0,0.0,-0.0
stage_a_uci_v2,43,uci_internal_fixed,blur_noise_to_clean,4,ab,sar_complete,none,0.0,0.0,0.0,0.0,-0.0
stage_a_uci_v2,43,uci_internal_fixed,blur_noise_to_clean,4,ba,sar_complete,none,0.0,0.0,0.0,0.0,-0.0
stage_a_uci_v2,43,uci_internal_fixed,blur_noise_to_clean,4,ab,sar_complete,parameters,0.0,0.0,0.0,0.0,-0.0
stage_a_uci_v2,43,uci_internal_fixed,blur_noise_to_clean,4,ba,sar_complete,parameters,0.0,0.0,0.0,0.0,-0.0
stage_a_uci_v2,43,uci_internal_fixed,blur_noise_to_clean,4,ab,sar_complete,optimizer,0.0,0.0,0.0,0.0,-0.0
stage_a_uci_v2,43,uci_internal_fixed,blur_noise_to_clean,4,ba,sar_complete,optimizer,0.0,0.0,0.0,0.0,-0.0
stage_a_uci_v2,43,uci_internal_fixed,blur_noise_to_clean,4,ab,sar_complete,parameters_optimizer,0.0,0.0,0.0,0.0,-0.0
stage_a_uci_v2,43,uci_internal_fixed,blur_noise_to_clean,4,ba,sar_complete,parameters_optimizer,0.0,0.0,0.0,0.0,-0.0
stage_a_uci_v2,43,uci_internal_fixed,blur_noise_to_clean,4,ab,sar_complete,aux,0.0,0.0,0.0,0.0,-0.0
stage_a_uci_v2,43,uci_internal_fixed,blur_noise_to_clean,4,ba,sar_complete,aux,0.0,0.0,0.0,0.0,-0.0
stage_a_uci_v2,43,uci_internal_fixed,blur_noise_to_clean,4,ab,sar_complete,parameters_aux,0.0,0.0,0.0,0.0,-0.0
stage_a_uci_v2,43,uci_internal_fixed,blur_noise_to_clean,4,ba,sar_complete,parameters_aux,0.0,0.0,0.0,0.0,-0.0
stage_a_uci_v2,43,uci_internal_fixed,blur_noise_to_clean,4,ab,sar_complete,optimizer_aux,0.0,0.0,0.0,0.0,-0.0
stage_a_uci_v2,43,uci_internal_fixed,blur_noise_to_clean,4,ba,sar_complete,optimizer_aux,0.0,0.0,0.0,0.0,-0.0
stage_a_uci_v2,43,uci_internal_fixed,blur_noise_to_clean,4,ab,sar_complete,parameters_optimizer_aux,0.0,0.0,0.0,0.0,-0.0
stage_a_uci_v2,43,uci_internal_fixed,blur_noise_to_clean,4,ba,sar_complete,parameters_optimizer_aux,0.0,0.0,0.0,0.0,-0.0
stage_a_uci_v2,43,uci_internal_fixed,blur_noise_to_clean,4,ab,sar_complete,all,0.0,0.0,0.0,0.0,-0.0
stage_a_uci_v2,43,uci_internal_fixed,blur_noise_to_clean,4,ba,sar_complete,all,0.0,0.0,0.0,0.0,-0.0
