experiment_id,method,intervention,washout_batches,metric,n_panels,mean,sd,ci95_low,ci95_high,n_seeds_min,n_seeds_max,individual_panels,interval_type
stage_a_uci_v2,norm,all,0,disagreement_change,1,0.0,,,,3,3,"{""uci_internal_fixed"": 0.0}",descriptive panel t interval; design-conditional
stage_a_uci_v2,norm,all,0,absolute_error_gap_change,1,0.0,,,,3,3,"{""uci_internal_fixed"": 0.0}",descriptive panel t interval; design-conditional
stage_a_uci_v2,norm,all,0,nll_gap_change,1,0.0,,,,3,3,"{""uci_internal_fixed"": 0.0}",descriptive panel t interval; design-conditional
stage_a_uci_v2,norm,all,0,brier_gap_change,1,0.0,,,,3,3,"{""uci_internal_fixed"": 0.0}",descriptive panel t interval; design-conditional
stage_a_uci_v2,norm,all,4,disagreement_change,1,0.0,,,,3,3,"{""uci_internal_fixed"": 0.0}",descriptive panel t interval; design-conditional
stage_a_uci_v2,norm,all,4,absolute_error_gap_change,1,0.0,,,,3,3,"{""uci_internal_fixed"": 0.0}",descriptive panel t interval; design-conditional
stage_a_uci_v2,norm,all,4,nll_gap_change,1,0.0,,,,3,3,"{""uci_internal_fixed"": 0.0}",descriptive panel t interval; design-conditional
stage_a_uci_v2,norm,all,4,brier_gap_change,1,0.0,,,,3,3,"{""uci_internal_fixed"": 0.0}",descriptive panel t interval; design-conditional
stage_a_uci_v2,sar_complete,all,0,disagreement_change,1,0.0,,,,3,3,"{""uci_internal_fixed"": 0.0}",descriptive panel t interval; design-conditional
stage_a_uci_v2,sar_complete,all,0,absolute_error_gap_change,1,0.0,,,,3,3,"{""uci_internal_fixed"": 0.0}",descriptive panel t interval; design-conditional
stage_a_uci_v2,sar_complete,all,0,nll_gap_change,1,-5.0481432768175876e-05,,,,3,3,"{""uci_internal_fixed"": -5.0481432768175876e-05}",descriptive panel t interval; design-conditional
stage_a_uci_v2,sar_complete,all,0,brier_gap_change,1,-1.3149844326745588e-05,,,,3,3,"{""uci_internal_fixed"": -1.3149844326745588e-05}",descriptive panel t interval; design-conditional
stage_a_uci_v2,sar_complete,all,4,disagreement_change,1,-0.0003255208333333333,,,,3,3,"{""uci_internal_fixed"": -0.0003255208333333333}",descriptive panel t interval; design-conditional
stage_a_uci_v2,sar_complete,all,4,absolute_error_gap_change,1,-0.0003255208333333333,,,,3,3,"{""uci_internal_fixed"": -0.0003255208333333333}",descriptive panel t interval; design-conditional
stage_a_uci_v2,sar_complete,all,4,nll_gap_change,1,2.920671777545e-05,,,,3,3,"{""uci_internal_fixed"": 2.920671777545e-05}",descriptive panel t interval; design-conditional
stage_a_uci_v2,sar_complete,all,4,brier_gap_change,1,4.947722413421267e-06,,,,3,3,"{""uci_internal_fixed"": 4.947722413421267e-06}",descriptive panel t interval; design-conditional
stage_a_uci_v2,sar_complete,aux,0,disagreement_change,1,0.0,,,,3,3,"{""uci_internal_fixed"": 0.0}",descriptive panel t interval; design-conditional
stage_a_uci_v2,sar_complete,aux,0,absolute_error_gap_change,1,0.0,,,,3,3,"{""uci_internal_fixed"": 0.0}",descriptive panel t interval; design-conditional
stage_a_uci_v2,sar_complete,aux,0,nll_gap_change,1,-5.1259698265152024e-05,,,,3,3,"{""uci_internal_fixed"": -5.1259698265152024e-05}",descriptive panel t interval; design-conditional
stage_a_uci_v2,sar_complete,aux,0,brier_gap_change,1,-1.3287099847638395e-05,,,,3,3,"{""uci_internal_fixed"": -1.3287099847638395e-05}",descriptive panel t interval; design-conditional
stage_a_uci_v2,sar_complete,aux,4,disagreement_change,1,-0.0003255208333333333,,,,3,3,"{""uci_internal_fixed"": -0.0003255208333333333}",descriptive panel t interval; design-conditional
stage_a_uci_v2,sar_complete,aux,4,absolute_error_gap_change,1,-0.0003255208333333333,,,,3,3,"{""uci_internal_fixed"": -0.0003255208333333333}",descriptive panel t interval; design-conditional
stage_a_uci_v2,sar_complete,aux,4,nll_gap_change,1,2.920671777545e-05,,,,3,3,"{""uci_internal_fixed"": 2.920671777545e-05}",descriptive panel t interval; design-conditional
stage_a_uci_v2,sar_complete,aux,4,brier_gap_change,1,4.947722413421267e-06,,,,3,3,"{""uci_internal_fixed"": 4.947722413421267e-06}",descriptive panel t interval; design-conditional
stage_a_uci_v2,sar_complete,optimizer,0,disagreement_change,1,0.0,,,,3,3,"{""uci_internal_fixed"": 0.0}",descriptive panel t interval; design-conditional
stage_a_uci_v2,sar_complete,optimizer,0,absolute_error_gap_change,1,0.0,,,,3,3,"{""uci_internal_fixed"": 0.0}",descriptive panel t interval; design-conditional
stage_a_uci_v2,sar_complete,optimizer,0,nll_gap_change,1,-1.8346453879251407e-08,,,,3,3,"{""uci_internal_fixed"": -1.8346453879251407e-08}",descriptive panel t interval; design-conditional
stage_a_uci_v2,sar_complete,optimizer,0,brier_gap_change,1,-1.1034551456017469e-08,,,,3,3,"{""uci_internal_fixed"": -1.1034551456017469e-08}",descriptive panel t interval; design-conditional
stage_a_uci_v2,sar_complete,optimizer,4,disagreement_change,1,0.0,,,,3,3,"{""uci_internal_fixed"": 0.0}",descriptive panel t interval; design-conditional
stage_a_uci_v2,sar_complete,optimizer,4,absolute_error_gap_change,1,0.0,,,,3,3,"{""uci_internal_fixed"": 0.0}",descriptive panel t interval; design-conditional
stage_a_uci_v2,sar_complete,optimizer,4,nll_gap_change,1,0.0,,,,3,3,"{""uci_internal_fixed"": 0.0}",descriptive panel t interval; design-conditional
stage_a_uci_v2,sar_complete,optimizer,4,brier_gap_change,1,0.0,,,,3,3,"{""uci_internal_fixed"": 0.0}",descriptive panel t interval; design-conditional
stage_a_uci_v2,sar_complete,optimizer_aux,0,disagreement_change,1,0.0,,,,3,3,"{""uci_internal_fixed"": 0.0}",descriptive panel t interval; design-conditional
stage_a_uci_v2,sar_complete,optimizer_aux,0,absolute_error_gap_change,1,0.0,,,,3,3,"{""uci_internal_fixed"": 0.0}",descriptive panel t interval; design-conditional
stage_a_uci_v2,sar_complete,optimizer_aux,0,nll_gap_change,1,-5.1259698265152024e-05,,,,3,3,"{""uci_internal_fixed"": -5.1259698265152024e-05}",descriptive panel t interval; design-conditional
stage_a_uci_v2,sar_complete,optimizer_aux,0,brier_gap_change,1,-1.3287099847638395e-05,,,,3,3,"{""uci_internal_fixed"": -1.3287099847638395e-05}",descriptive panel t interval; design-conditional
stage_a_uci_v2,sar_complete,optimizer_aux,4,disagreement_change,1,-0.0003255208333333333,,,,3,3,"{""uci_internal_fixed"": -0.0003255208333333333}",descriptive panel t interval; design-conditional
stage_a_uci_v2,sar_complete,optimizer_aux,4,absolute_error_gap_change,1,-0.0003255208333333333,,,,3,3,"{""uci_internal_fixed"": -0.0003255208333333333}",descriptive panel t interval; design-conditional
stage_a_uci_v2,sar_complete,optimizer_aux,4,nll_gap_change,1,2.920671777545e-05,,,,3,3,"{""uci_internal_fixed"": 2.920671777545e-05}",descriptive panel t interval; design-conditional
stage_a_uci_v2,sar_complete,optimizer_aux,4,brier_gap_change,1,4.947722413421267e-06,,,,3,3,"{""uci_internal_fixed"": 4.947722413421267e-06}",descriptive panel t interval; design-conditional
stage_a_uci_v2,sar_complete,parameters,0,disagreement_change,1,0.0,,,,3,3,"{""uci_internal_fixed"": 0.0}",descriptive panel t interval; design-conditional
stage_a_uci_v2,sar_complete,parameters,0,absolute_error_gap_change,1,0.0,,,,3,3,"{""uci_internal_fixed"": 0.0}",descriptive panel t interval; design-conditional
stage_a_uci_v2,sar_complete,parameters,0,nll_gap_change,1,5.875691655050456e-07,,,,3,3,"{""uci_internal_fixed"": 5.875691655050456e-07}",descriptive panel t interval; design-conditional
stage_a_uci_v2,sar_complete,parameters,0,brier_gap_change,1,3.841613947381158e-08,,,,3,3,"{""uci_internal_fixed"": 3.841613947381158e-08}",descriptive panel t interval; design-conditional
stage_a_uci_v2,sar_complete,parameters,4,disagreement_change,1,0.0,,,,3,3,"{""uci_internal_fixed"": 0.0}",descriptive panel t interval; design-conditional
stage_a_uci_v2,sar_complete,parameters,4,absolute_error_gap_change,1,0.0,,,,3,3,"{""uci_internal_fixed"": 0.0}",descriptive panel t interval; design-conditional
stage_a_uci_v2,sar_complete,parameters,4,nll_gap_change,1,0.0,,,,3,3,"{""uci_internal_fixed"": 0.0}",descriptive panel t interval; design-conditional
stage_a_uci_v2,sar_complete,parameters,4,brier_gap_change,1,0.0,,,,3,3,"{""uci_internal_fixed"": 0.0}",descriptive panel t interval; design-conditional
stage_a_uci_v2,sar_complete,parameters_aux,0,disagreement_change,1,0.0,,,,3,3,"{""uci_internal_fixed"": 0.0}",descriptive panel t interval; design-conditional
stage_a_uci_v2,sar_complete,parameters_aux,0,absolute_error_gap_change,1,0.0,,,,3,3,"{""uci_internal_fixed"": 0.0}",descriptive panel t interval; design-conditional
stage_a_uci_v2,sar_complete,parameters_aux,0,nll_gap_change,1,-5.0481432768175876e-05,,,,3,3,"{""uci_internal_fixed"": -5.0481432768175876e-05}",descriptive panel t interval; design-conditional
stage_a_uci_v2,sar_complete,parameters_aux,0,brier_gap_change,1,-1.3149844326745588e-05,,,,3,3,"{""uci_internal_fixed"": -1.3149844326745588e-05}",descriptive panel t interval; design-conditional
stage_a_uci_v2,sar_complete,parameters_aux,4,disagreement_change,1,-0.0003255208333333333,,,,3,3,"{""uci_internal_fixed"": -0.0003255208333333333}",descriptive panel t interval; design-conditional
stage_a_uci_v2,sar_complete,parameters_aux,4,absolute_error_gap_change,1,-0.0003255208333333333,,,,3,3,"{""uci_internal_fixed"": -0.0003255208333333333}",descriptive panel t interval; design-conditional
stage_a_uci_v2,sar_complete,parameters_aux,4,nll_gap_change,1,2.920671777545e-05,,,,3,3,"{""uci_internal_fixed"": 2.920671777545e-05}",descriptive panel t interval; design-conditional
stage_a_uci_v2,sar_complete,parameters_aux,4,brier_gap_change,1,4.947722413421267e-06,,,,3,3,"{""uci_internal_fixed"": 4.947722413421267e-06}",descriptive panel t interval; design-conditional
stage_a_uci_v2,sar_complete,parameters_optimizer,0,disagreement_change,1,0.0,,,,3,3,"{""uci_internal_fixed"": 0.0}",descriptive panel t interval; design-conditional
stage_a_uci_v2,sar_complete,parameters_optimizer,0,absolute_error_gap_change,1,0.0,,,,3,3,"{""uci_internal_fixed"": 0.0}",descriptive panel t interval; design-conditional
stage_a_uci_v2,sar_complete,parameters_optimizer,0,nll_gap_change,1,5.677964605490619e-07,,,,3,3,"{""uci_internal_fixed"": 5.677964605490619e-07}",descriptive panel t interval; design-conditional
stage_a_uci_v2,sar_complete,parameters_optimizer,0,brier_gap_change,1,2.6535557384512378e-08,,,,3,3,"{""uci_internal_fixed"": 2.6535557384512378e-08}",descriptive panel t interval; design-conditional
stage_a_uci_v2,sar_complete,parameters_optimizer,4,disagreement_change,1,0.0,,,,3,3,"{""uci_internal_fixed"": 0.0}",descriptive panel t interval; design-conditional
stage_a_uci_v2,sar_complete,parameters_optimizer,4,absolute_error_gap_change,1,0.0,,,,3,3,"{""uci_internal_fixed"": 0.0}",descriptive panel t interval; design-conditional
stage_a_uci_v2,sar_complete,parameters_optimizer,4,nll_gap_change,1,0.0,,,,3,3,"{""uci_internal_fixed"": 0.0}",descriptive panel t interval; design-conditional
stage_a_uci_v2,sar_complete,parameters_optimizer,4,brier_gap_change,1,0.0,,,,3,3,"{""uci_internal_fixed"": 0.0}",descriptive panel t interval; design-conditional
stage_a_uci_v2,sar_complete,parameters_optimizer_aux,0,disagreement_change,1,0.0,,,,3,3,"{""uci_internal_fixed"": 0.0}",descriptive panel t interval; design-conditional
stage_a_uci_v2,sar_complete,parameters_optimizer_aux,0,absolute_error_gap_change,1,0.0,,,,3,3,"{""uci_internal_fixed"": 0.0}",descriptive panel t interval; design-conditional
stage_a_uci_v2,sar_complete,parameters_optimizer_aux,0,nll_gap_change,1,-5.0481432768175876e-05,,,,3,3,"{""uci_internal_fixed"": -5.0481432768175876e-05}",descriptive panel t interval; design-conditional
stage_a_uci_v2,sar_complete,parameters_optimizer_aux,0,brier_gap_change,1,-1.3149844326745588e-05,,,,3,3,"{""uci_internal_fixed"": -1.3149844326745588e-05}",descriptive panel t interval; design-conditional
stage_a_uci_v2,sar_complete,parameters_optimizer_aux,4,disagreement_change,1,-0.0003255208333333333,,,,3,3,"{""uci_internal_fixed"": -0.0003255208333333333}",descriptive panel t interval; design-conditional
stage_a_uci_v2,sar_complete,parameters_optimizer_aux,4,absolute_error_gap_change,1,-0.0003255208333333333,,,,3,3,"{""uci_internal_fixed"": -0.0003255208333333333}",descriptive panel t interval; design-conditional
stage_a_uci_v2,sar_complete,parameters_optimizer_aux,4,nll_gap_change,1,2.920671777545e-05,,,,3,3,"{""uci_internal_fixed"": 2.920671777545e-05}",descriptive panel t interval; design-conditional
stage_a_uci_v2,sar_complete,parameters_optimizer_aux,4,brier_gap_change,1,4.947722413421267e-06,,,,3,3,"{""uci_internal_fixed"": 4.947722413421267e-06}",descriptive panel t interval; design-conditional
stage_a_uci_v2,source,all,0,disagreement_change,1,0.0,,,,3,3,"{""uci_internal_fixed"": 0.0}",descriptive panel t interval; design-conditional
stage_a_uci_v2,source,all,0,absolute_error_gap_change,1,0.0,,,,3,3,"{""uci_internal_fixed"": 0.0}",descriptive panel t interval; design-conditional
stage_a_uci_v2,source,all,0,nll_gap_change,1,0.0,,,,3,3,"{""uci_internal_fixed"": 0.0}",descriptive panel t interval; design-conditional
stage_a_uci_v2,source,all,0,brier_gap_change,1,0.0,,,,3,3,"{""uci_internal_fixed"": 0.0}",descriptive panel t interval; design-conditional
stage_a_uci_v2,source,all,4,disagreement_change,1,0.0,,,,3,3,"{""uci_internal_fixed"": 0.0}",descriptive panel t interval; design-conditional
stage_a_uci_v2,source,all,4,absolute_error_gap_change,1,0.0,,,,3,3,"{""uci_internal_fixed"": 0.0}",descriptive panel t interval; design-conditional
stage_a_uci_v2,source,all,4,nll_gap_change,1,0.0,,,,3,3,"{""uci_internal_fixed"": 0.0}",descriptive panel t interval; design-conditional
stage_a_uci_v2,source,all,4,brier_gap_change,1,0.0,,,,3,3,"{""uci_internal_fixed"": 0.0}",descriptive panel t interval; design-conditional
stage_a_uci_v2,tent,all,0,disagreement_change,1,-0.0003255208333333333,,,,3,3,"{""uci_internal_fixed"": -0.0003255208333333333}",descriptive panel t interval; design-conditional
stage_a_uci_v2,tent,all,0,absolute_error_gap_change,1,-0.0003255208333333333,,,,3,3,"{""uci_internal_fixed"": -0.0003255208333333333}",descriptive panel t interval; design-conditional
stage_a_uci_v2,tent,all,0,nll_gap_change,1,-2.6161054073633804e-05,,,,3,3,"{""uci_internal_fixed"": -2.6161054073633804e-05}",descriptive panel t interval; design-conditional
stage_a_uci_v2,tent,all,0,brier_gap_change,1,-2.235415372002734e-06,,,,3,3,"{""uci_internal_fixed"": -2.235415372002734e-06}",descriptive panel t interval; design-conditional
stage_a_uci_v2,tent,all,4,disagreement_change,1,0.0,,,,3,3,"{""uci_internal_fixed"": 0.0}",descriptive panel t interval; design-conditional
stage_a_uci_v2,tent,all,4,absolute_error_gap_change,1,0.0,,,,3,3,"{""uci_internal_fixed"": 0.0}",descriptive panel t interval; design-conditional
stage_a_uci_v2,tent,all,4,nll_gap_change,1,-1.7285966563115378e-05,,,,3,3,"{""uci_internal_fixed"": -1.7285966563115378e-05}",descriptive panel t interval; design-conditional
stage_a_uci_v2,tent,all,4,brier_gap_change,1,-1.5879808014113844e-06,,,,3,3,"{""uci_internal_fixed"": -1.5879808014113844e-06}",descriptive panel t interval; design-conditional
stage_a_uci_v2,tent,aux,0,disagreement_change,1,0.0,,,,3,3,"{""uci_internal_fixed"": 0.0}",descriptive panel t interval; design-conditional
stage_a_uci_v2,tent,aux,0,absolute_error_gap_change,1,0.0,,,,3,3,"{""uci_internal_fixed"": 0.0}",descriptive panel t interval; design-conditional
stage_a_uci_v2,tent,aux,0,nll_gap_change,1,0.0,,,,3,3,"{""uci_internal_fixed"": 0.0}",descriptive panel t interval; design-conditional
stage_a_uci_v2,tent,aux,0,brier_gap_change,1,0.0,,,,3,3,"{""uci_internal_fixed"": 0.0}",descriptive panel t interval; design-conditional
stage_a_uci_v2,tent,aux,4,disagreement_change,1,0.0,,,,3,3,"{""uci_internal_fixed"": 0.0}",descriptive panel t interval; design-conditional
stage_a_uci_v2,tent,aux,4,absolute_error_gap_change,1,0.0,,,,3,3,"{""uci_internal_fixed"": 0.0}",descriptive panel t interval; design-conditional
stage_a_uci_v2,tent,aux,4,nll_gap_change,1,0.0,,,,3,3,"{""uci_internal_fixed"": 0.0}",descriptive panel t interval; design-conditional
stage_a_uci_v2,tent,aux,4,brier_gap_change,1,0.0,,,,3,3,"{""uci_internal_fixed"": 0.0}",descriptive panel t interval; design-conditional
stage_a_uci_v2,tent,optimizer,0,disagreement_change,1,0.0,,,,3,3,"{""uci_internal_fixed"": 0.0}",descriptive panel t interval; design-conditional
stage_a_uci_v2,tent,optimizer,0,absolute_error_gap_change,1,0.0,,,,3,3,"{""uci_internal_fixed"": 0.0}",descriptive panel t interval; design-conditional
stage_a_uci_v2,tent,optimizer,0,nll_gap_change,1,3.6692798779349373e-05,,,,3,3,"{""uci_internal_fixed"": 3.6692798779349373e-05}",descriptive panel t interval; design-conditional
stage_a_uci_v2,tent,optimizer,0,brier_gap_change,1,2.3567142949366175e-06,,,,3,3,"{""uci_internal_fixed"": 2.3567142949366175e-06}",descriptive panel t interval; design-conditional
stage_a_uci_v2,tent,optimizer,4,disagreement_change,1,0.0,,,,3,3,"{""uci_internal_fixed"": 0.0}",descriptive panel t interval; design-conditional
stage_a_uci_v2,tent,optimizer,4,absolute_error_gap_change,1,0.0,,,,3,3,"{""uci_internal_fixed"": 0.0}",descriptive panel t interval; design-conditional
stage_a_uci_v2,tent,optimizer,4,nll_gap_change,1,2.4460967249371428e-05,,,,3,3,"{""uci_internal_fixed"": 2.4460967249371428e-05}",descriptive panel t interval; design-conditional
stage_a_uci_v2,tent,optimizer,4,brier_gap_change,1,1.7128248196677843e-06,,,,3,3,"{""uci_internal_fixed"": 1.7128248196677843e-06}",descriptive panel t interval; design-conditional
stage_a_uci_v2,tent,optimizer_aux,0,disagreement_change,1,0.0,,,,3,3,"{""uci_internal_fixed"": 0.0}",descriptive panel t interval; design-conditional
stage_a_uci_v2,tent,optimizer_aux,0,absolute_error_gap_change,1,0.0,,,,3,3,"{""uci_internal_fixed"": 0.0}",descriptive panel t interval; design-conditional
stage_a_uci_v2,tent,optimizer_aux,0,nll_gap_change,1,3.6692798779349373e-05,,,,3,3,"{""uci_internal_fixed"": 3.6692798779349373e-05}",descriptive panel t interval; design-conditional
stage_a_uci_v2,tent,optimizer_aux,0,brier_gap_change,1,2.3567142949366175e-06,,,,3,3,"{""uci_internal_fixed"": 2.3567142949366175e-06}",descriptive panel t interval; design-conditional
stage_a_uci_v2,tent,optimizer_aux,4,disagreement_change,1,0.0,,,,3,3,"{""uci_internal_fixed"": 0.0}",descriptive panel t interval; design-conditional
stage_a_uci_v2,tent,optimizer_aux,4,absolute_error_gap_change,1,0.0,,,,3,3,"{""uci_internal_fixed"": 0.0}",descriptive panel t interval; design-conditional
stage_a_uci_v2,tent,optimizer_aux,4,nll_gap_change,1,2.4460967249371428e-05,,,,3,3,"{""uci_internal_fixed"": 2.4460967249371428e-05}",descriptive panel t interval; design-conditional
stage_a_uci_v2,tent,optimizer_aux,4,brier_gap_change,1,1.7128248196677843e-06,,,,3,3,"{""uci_internal_fixed"": 1.7128248196677843e-06}",descriptive panel t interval; design-conditional
stage_a_uci_v2,tent,parameters,0,disagreement_change,1,-0.0003255208333333333,,,,3,3,"{""uci_internal_fixed"": -0.0003255208333333333}",descriptive panel t interval; design-conditional
stage_a_uci_v2,tent,parameters,0,absolute_error_gap_change,1,-0.0003255208333333333,,,,3,3,"{""uci_internal_fixed"": -0.0003255208333333333}",descriptive panel t interval; design-conditional
stage_a_uci_v2,tent,parameters,0,nll_gap_change,1,-6.277592085892432e-05,,,,3,3,"{""uci_internal_fixed"": -6.277592085892432e-05}",descriptive panel t interval; design-conditional
stage_a_uci_v2,tent,parameters,0,brier_gap_change,1,-4.580997291306228e-06,,,,3,3,"{""uci_internal_fixed"": -4.580997291306228e-06}",descriptive panel t interval; design-conditional
stage_a_uci_v2,tent,parameters,4,disagreement_change,1,0.0,,,,3,3,"{""uci_internal_fixed"": 0.0}",descriptive panel t interval; design-conditional
stage_a_uci_v2,tent,parameters,4,absolute_error_gap_change,1,0.0,,,,3,3,"{""uci_internal_fixed"": 0.0}",descriptive panel t interval; design-conditional
stage_a_uci_v2,tent,parameters,4,nll_gap_change,1,-4.0990530346790564e-05,,,,3,3,"{""uci_internal_fixed"": -4.0990530346790564e-05}",descriptive panel t interval; design-conditional
stage_a_uci_v2,tent,parameters,4,brier_gap_change,1,-2.968259839704913e-06,,,,3,3,"{""uci_internal_fixed"": -2.968259839704913e-06}",descriptive panel t interval; design-conditional
stage_a_uci_v2,tent,parameters_aux,0,disagreement_change,1,-0.0003255208333333333,,,,3,3,"{""uci_internal_fixed"": -0.0003255208333333333}",descriptive panel t interval; design-conditional
stage_a_uci_v2,tent,parameters_aux,0,absolute_error_gap_change,1,-0.0003255208333333333,,,,3,3,"{""uci_internal_fixed"": -0.0003255208333333333}",descriptive panel t interval; design-conditional
stage_a_uci_v2,tent,parameters_aux,0,nll_gap_change,1,-6.277592085892432e-05,,,,3,3,"{""uci_internal_fixed"": -6.277592085892432e-05}",descriptive panel t interval; design-conditional
stage_a_uci_v2,tent,parameters_aux,0,brier_gap_change,1,-4.580997291306228e-06,,,,3,3,"{""uci_internal_fixed"": -4.580997291306228e-06}",descriptive panel t interval; design-conditional
stage_a_uci_v2,tent,parameters_aux,4,disagreement_change,1,0.0,,,,3,3,"{""uci_internal_fixed"": 0.0}",descriptive panel t interval; design-conditional
stage_a_uci_v2,tent,parameters_aux,4,absolute_error_gap_change,1,0.0,,,,3,3,"{""uci_internal_fixed"": 0.0}",descriptive panel t interval; design-conditional
stage_a_uci_v2,tent,parameters_aux,4,nll_gap_change,1,-4.0990530346790564e-05,,,,3,3,"{""uci_internal_fixed"": -4.0990530346790564e-05}",descriptive panel t interval; design-conditional
stage_a_uci_v2,tent,parameters_aux,4,brier_gap_change,1,-2.968259839704913e-06,,,,3,3,"{""uci_internal_fixed"": -2.968259839704913e-06}",descriptive panel t interval; design-conditional
stage_a_uci_v2,tent,parameters_optimizer,0,disagreement_change,1,-0.0003255208333333333,,,,3,3,"{""uci_internal_fixed"": -0.0003255208333333333}",descriptive panel t interval; design-conditional
stage_a_uci_v2,tent,parameters_optimizer,0,absolute_error_gap_change,1,-0.0003255208333333333,,,,3,3,"{""uci_internal_fixed"": -0.0003255208333333333}",descriptive panel t interval; design-conditional
stage_a_uci_v2,tent,parameters_optimizer,0,nll_gap_change,1,-2.6161054073633804e-05,,,,3,3,"{""uci_internal_fixed"": -2.6161054073633804e-05}",descriptive panel t interval; design-conditional
stage_a_uci_v2,tent,parameters_optimizer,0,brier_gap_change,1,-2.235415372002734e-06,,,,3,3,"{""uci_internal_fixed"": -2.235415372002734e-06}",descriptive panel t interval; design-conditional
stage_a_uci_v2,tent,parameters_optimizer,4,disagreement_change,1,0.0,,,,3,3,"{""uci_internal_fixed"": 0.0}",descriptive panel t interval; design-conditional
stage_a_uci_v2,tent,parameters_optimizer,4,absolute_error_gap_change,1,0.0,,,,3,3,"{""uci_internal_fixed"": 0.0}",descriptive panel t interval; design-conditional
stage_a_uci_v2,tent,parameters_optimizer,4,nll_gap_change,1,-1.7285966563115378e-05,,,,3,3,"{""uci_internal_fixed"": -1.7285966563115378e-05}",descriptive panel t interval; design-conditional
stage_a_uci_v2,tent,parameters_optimizer,4,brier_gap_change,1,-1.5879808014113844e-06,,,,3,3,"{""uci_internal_fixed"": -1.5879808014113844e-06}",descriptive panel t interval; design-conditional
stage_a_uci_v2,tent,parameters_optimizer_aux,0,disagreement_change,1,-0.0003255208333333333,,,,3,3,"{""uci_internal_fixed"": -0.0003255208333333333}",descriptive panel t interval; design-conditional
stage_a_uci_v2,tent,parameters_optimizer_aux,0,absolute_error_gap_change,1,-0.0003255208333333333,,,,3,3,"{""uci_internal_fixed"": -0.0003255208333333333}",descriptive panel t interval; design-conditional
stage_a_uci_v2,tent,parameters_optimizer_aux,0,nll_gap_change,1,-2.6161054073633804e-05,,,,3,3,"{""uci_internal_fixed"": -2.6161054073633804e-05}",descriptive panel t interval; design-conditional
stage_a_uci_v2,tent,parameters_optimizer_aux,0,brier_gap_change,1,-2.235415372002734e-06,,,,3,3,"{""uci_internal_fixed"": -2.235415372002734e-06}",descriptive panel t interval; design-conditional
stage_a_uci_v2,tent,parameters_optimizer_aux,4,disagreement_change,1,0.0,,,,3,3,"{""uci_internal_fixed"": 0.0}",descriptive panel t interval; design-conditional
stage_a_uci_v2,tent,parameters_optimizer_aux,4,absolute_error_gap_change,1,0.0,,,,3,3,"{""uci_internal_fixed"": 0.0}",descriptive panel t interval; design-conditional
stage_a_uci_v2,tent,parameters_optimizer_aux,4,nll_gap_change,1,-1.7285966563115378e-05,,,,3,3,"{""uci_internal_fixed"": -1.7285966563115378e-05}",descriptive panel t interval; design-conditional
stage_a_uci_v2,tent,parameters_optimizer_aux,4,brier_gap_change,1,-1.5879808014113844e-06,,,,3,3,"{""uci_internal_fixed"": -1.5879808014113844e-06}",descriptive panel t interval; design-conditional
