experiment_id,method,intervention,washout_batches,direction,seed,panel_id,accuracy_change,error_change,nll_change,brier_change,ece15_change,n_scenarios
stage_a_uci_v2,norm,all,0,ab,17,uci_internal_fixed,-0.009765625,0.009765625,0.11033965324007958,0.02428454792605335,0.04026631714369,2
stage_a_uci_v2,norm,all,0,ab,29,uci_internal_fixed,0.0009765625,-0.0009765625,0.13126405739057143,0.008926806187843006,0.05380312839115661,2
stage_a_uci_v2,norm,all,0,ab,43,uci_internal_fixed,0.150390625,-0.150390625,-0.3558597090097942,-0.20938200579631697,-0.08755016475000539,2
stage_a_uci_v2,norm,all,0,ba,17,uci_internal_fixed,-0.009765625,0.009765625,0.11033965324007958,0.02428454792605335,0.04026631714369,2
stage_a_uci_v2,norm,all,0,ba,29,uci_internal_fixed,0.0009765625,-0.0009765625,0.13126405739057143,0.008926806187843006,0.05380312839115661,2
stage_a_uci_v2,norm,all,0,ba,43,uci_internal_fixed,0.150390625,-0.150390625,-0.3558597090097942,-0.20938200579631697,-0.08755016475000539,2
stage_a_uci_v2,norm,all,4,ab,17,uci_internal_fixed,-0.009765625,0.009765625,0.11033965324007958,0.02428454792605335,0.04026631714369,2
stage_a_uci_v2,norm,all,4,ab,29,uci_internal_fixed,0.0009765625,-0.0009765625,0.13126405739057143,0.008926806187843006,0.05380312839115661,2
stage_a_uci_v2,norm,all,4,ab,43,uci_internal_fixed,0.150390625,-0.150390625,-0.3558597090097942,-0.20938200579631697,-0.08755016475000539,2
stage_a_uci_v2,norm,all,4,ba,17,uci_internal_fixed,-0.009765625,0.009765625,0.11033965324007958,0.02428454792605335,0.04026631714369,2
stage_a_uci_v2,norm,all,4,ba,29,uci_internal_fixed,0.0009765625,-0.0009765625,0.13126405739057143,0.008926806187843006,0.05380312839115661,2
stage_a_uci_v2,norm,all,4,ba,43,uci_internal_fixed,0.150390625,-0.150390625,-0.3558597090097942,-0.20938200579631697,-0.08755016475000539,2
stage_a_uci_v2,norm,none,0,ab,17,uci_internal_fixed,-0.009765625,0.009765625,0.11033965324007958,0.02428454792605335,0.04026631714369,2
stage_a_uci_v2,norm,none,0,ab,29,uci_internal_fixed,0.0009765625,-0.0009765625,0.13126405739057143,0.008926806187843006,0.05380312839115661,2
stage_a_uci_v2,norm,none,0,ab,43,uci_internal_fixed,0.150390625,-0.150390625,-0.3558597090097942,-0.20938200579631697,-0.08755016475000539,2
stage_a_uci_v2,norm,none,0,ba,17,uci_internal_fixed,-0.009765625,0.009765625,0.11033965324007958,0.02428454792605335,0.04026631714369,2
stage_a_uci_v2,norm,none,0,ba,29,uci_internal_fixed,0.0009765625,-0.0009765625,0.13126405739057143,0.008926806187843006,0.05380312839115661,2
stage_a_uci_v2,norm,none,0,ba,43,uci_internal_fixed,0.150390625,-0.150390625,-0.3558597090097942,-0.20938200579631697,-0.08755016475000539,2
stage_a_uci_v2,norm,none,4,ab,17,uci_internal_fixed,-0.009765625,0.009765625,0.11033965324007958,0.02428454792605335,0.04026631714369,2
stage_a_uci_v2,norm,none,4,ab,29,uci_internal_fixed,0.0009765625,-0.0009765625,0.13126405739057143,0.008926806187843006,0.05380312839115661,2
stage_a_uci_v2,norm,none,4,ab,43,uci_internal_fixed,0.150390625,-0.150390625,-0.3558597090097942,-0.20938200579631697,-0.08755016475000539,2
stage_a_uci_v2,norm,none,4,ba,17,uci_internal_fixed,-0.009765625,0.009765625,0.11033965324007958,0.02428454792605335,0.04026631714369,2
stage_a_uci_v2,norm,none,4,ba,29,uci_internal_fixed,0.0009765625,-0.0009765625,0.13126405739057143,0.008926806187843006,0.05380312839115661,2
stage_a_uci_v2,norm,none,4,ba,43,uci_internal_fixed,0.150390625,-0.150390625,-0.3558597090097942,-0.20938200579631697,-0.08755016475000539,2
stage_a_uci_v2,sar_complete,all,0,ab,17,uci_internal_fixed,-0.0087890625,0.0087890625,0.11000910014154106,0.02417226051021297,0.0393199679055308,2
stage_a_uci_v2,sar_complete,all,0,ab,29,uci_internal_fixed,0.0009765625,-0.0009765625,0.1321881443071896,0.009058788359464392,0.05389602291180816,2
stage_a_uci_v2,sar_complete,all,0,ab,43,uci_internal_fixed,0.150390625,-0.150390625,-0.3567574366875513,-0.20967861093763232,-0.08749467591672275,2
stage_a_uci_v2,sar_complete,all,0,ba,17,uci_internal_fixed,-0.0087890625,0.0087890625,0.11000910014154106,0.02417226051021297,0.0393199679055308,2
stage_a_uci_v2,sar_complete,all,0,ba,29,uci_internal_fixed,0.0009765625,-0.0009765625,0.1321881443071896,0.009058788359464392,0.05389602291180816,2
stage_a_uci_v2,sar_complete,all,0,ba,43,uci_internal_fixed,0.150390625,-0.150390625,-0.3567574366875513,-0.20967861093763232,-0.08749467591672275,2
stage_a_uci_v2,sar_complete,all,4,ab,17,uci_internal_fixed,-0.0087890625,0.0087890625,0.11000910014154106,0.02417226051021297,0.0393199679055308,2
stage_a_uci_v2,sar_complete,all,4,ab,29,uci_internal_fixed,0.0009765625,-0.0009765625,0.1321881443071896,0.009058788359464392,0.05389602291180816,2
stage_a_uci_v2,sar_complete,all,4,ab,43,uci_internal_fixed,0.150390625,-0.150390625,-0.3567574366875513,-0.20967861093763232,-0.08749467591672275,2
stage_a_uci_v2,sar_complete,all,4,ba,17,uci_internal_fixed,-0.0087890625,0.0087890625,0.11000910014154106,0.02417226051021297,0.0393199679055308,2
stage_a_uci_v2,sar_complete,all,4,ba,29,uci_internal_fixed,0.0009765625,-0.0009765625,0.1321881443071896,0.009058788359464392,0.05389602291180816,2
stage_a_uci_v2,sar_complete,all,4,ba,43,uci_internal_fixed,0.150390625,-0.150390625,-0.3567574366875513,-0.20967861093763232,-0.08749467591672275,2
stage_a_uci_v2,sar_complete,aux,0,ab,17,uci_internal_fixed,-0.0087890625,0.0087890625,0.11000764872831631,0.024171623477688017,0.03932112635531075,2
stage_a_uci_v2,sar_complete,aux,0,ab,29,uci_internal_fixed,0.0009765625,-0.0009765625,0.13218827886179113,0.009058892999898543,0.053895988156813256,2
stage_a_uci_v2,sar_complete,aux,0,ab,43,uci_internal_fixed,0.150390625,-0.150390625,-0.35675919995882444,-0.20967880731834287,-0.08749298282646971,2
stage_a_uci_v2,sar_complete,aux,0,ba,17,uci_internal_fixed,-0.0087890625,0.0087890625,0.1100083876350553,0.02417193021868217,0.03932052399976245,2
stage_a_uci_v2,sar_complete,aux,0,ba,29,uci_internal_fixed,0.0009765625,-0.0009765625,0.13218816507491318,0.009058807590117393,0.0538959732867773,2
stage_a_uci_v2,sar_complete,aux,0,ba,43,uci_internal_fixed,0.150390625,-0.150390625,-0.35675749028219456,-0.20967861688299314,-0.0874946244418825,2
stage_a_uci_v2,sar_complete,aux,4,ab,17,uci_internal_fixed,-0.0087890625,0.0087890625,0.11000910014154106,0.02417226051021297,0.0393199679055308,2
stage_a_uci_v2,sar_complete,aux,4,ab,29,uci_internal_fixed,0.0009765625,-0.0009765625,0.1321881443071896,0.009058788359464392,0.05389602291180816,2
stage_a_uci_v2,sar_complete,aux,4,ab,43,uci_internal_fixed,0.150390625,-0.150390625,-0.3567574366875513,-0.20967861093763232,-0.08749467591672275,2
stage_a_uci_v2,sar_complete,aux,4,ba,17,uci_internal_fixed,-0.0087890625,0.0087890625,0.11000910014154106,0.02417226051021297,0.0393199679055308,2
stage_a_uci_v2,sar_complete,aux,4,ba,29,uci_internal_fixed,0.0009765625,-0.0009765625,0.1321881443071896,0.009058788359464392,0.05389602291180816,2
stage_a_uci_v2,sar_complete,aux,4,ba,43,uci_internal_fixed,0.150390625,-0.150390625,-0.3567574366875513,-0.20967861093763232,-0.08749467591672275,2
stage_a_uci_v2,sar_complete,none,0,ab,17,uci_internal_fixed,-0.009765625,0.009765625,0.11050016198160573,0.02431447569611221,0.04027165592232204,2
stage_a_uci_v2,sar_complete,none,0,ab,29,uci_internal_fixed,0.0009765625,-0.0009765625,0.13138496040404551,0.008941617020540837,0.05381196770055976,2
stage_a_uci_v2,sar_complete,none,0,ab,43,uci_internal_fixed,0.150390625,-0.150390625,-0.35586275032245795,-0.20938471629304206,-0.08754841651154391,2
stage_a_uci_v2,sar_complete,none,0,ba,17,uci_internal_fixed,-0.009765625,0.009765625,0.11034217817894154,0.02427388561909137,0.04027414779764999,2
stage_a_uci_v2,sar_complete,none,0,ba,29,uci_internal_fixed,0.0009765625,-0.0009765625,0.13138979023177524,0.008942567129231796,0.0538115235416907,2
stage_a_uci_v2,sar_complete,none,0,ba,43,uci_internal_fixed,0.150390625,-0.150390625,-0.3558610406458281,-0.20938452585769232,-0.08755005812695671,2
stage_a_uci_v2,sar_complete,none,4,ab,17,uci_internal_fixed,-0.009765625,0.009765625,0.11007324745511979,0.02420517964397291,0.04028293045015599,2
stage_a_uci_v2,sar_complete,none,4,ab,29,uci_internal_fixed,0.0009765625,-0.0009765625,0.13238951237437732,0.009114100348863985,0.053899178392426556,2
stage_a_uci_v2,sar_complete,none,4,ab,43,uci_internal_fixed,0.150390625,-0.150390625,-0.3557820051684176,-0.20936547198232136,-0.08754521835349739,2
stage_a_uci_v2,sar_complete,none,4,ba,17,uci_internal_fixed,-0.0087890625,0.0087890625,0.11016086760844615,0.0242200228112132,0.039312398151864145,2
stage_a_uci_v2,sar_complete,none,4,ba,29,uci_internal_fixed,0.0009765625,-0.0009765625,0.13238951237437732,0.009114100348863985,0.053899178392426556,2
stage_a_uci_v2,sar_complete,none,4,ba,43,uci_internal_fixed,0.150390625,-0.150390625,-0.3557820051684176,-0.20936547198232136,-0.08754521835349739,2
stage_a_uci_v2,sar_complete,optimizer,0,ab,17,uci_internal_fixed,-0.009765625,0.009765625,0.11050017074276577,0.02431447571379431,0.0402716471736816,2
stage_a_uci_v2,sar_complete,optimizer,0,ab,29,uci_internal_fixed,0.0009765625,-0.0009765625,0.13138496040404551,0.008941617020540837,0.05381196770055976,2
stage_a_uci_v2,sar_complete,optimizer,0,ab,43,uci_internal_fixed,0.150390625,-0.150390625,-0.35586275032245795,-0.20938471629304206,-0.08754841651154391,2
stage_a_uci_v2,sar_complete,optimizer,0,ba,17,uci_internal_fixed,-0.009765625,0.009765625,0.11034224197946324,0.02427391874042787,0.04027411311315924,2
stage_a_uci_v2,sar_complete,optimizer,0,ba,29,uci_internal_fixed,0.0009765625,-0.0009765625,0.13138979023177524,0.008942567129231796,0.0538115235416907,2
stage_a_uci_v2,sar_complete,optimizer,0,ba,43,uci_internal_fixed,0.150390625,-0.150390625,-0.3558610406458281,-0.20938452585769232,-0.08755005812695671,2
stage_a_uci_v2,sar_complete,optimizer,4,ab,17,uci_internal_fixed,-0.009765625,0.009765625,0.11007324745511979,0.02420517964397291,0.04028293045015599,2
stage_a_uci_v2,sar_complete,optimizer,4,ab,29,uci_internal_fixed,0.0009765625,-0.0009765625,0.13238951237437732,0.009114100348863985,0.053899178392426556,2
stage_a_uci_v2,sar_complete,optimizer,4,ab,43,uci_internal_fixed,0.150390625,-0.150390625,-0.3557820051684176,-0.20936547198232136,-0.08754521835349739,2
stage_a_uci_v2,sar_complete,optimizer,4,ba,17,uci_internal_fixed,-0.0087890625,0.0087890625,0.11016086760844615,0.0242200228112132,0.039312398151864145,2
stage_a_uci_v2,sar_complete,optimizer,4,ba,29,uci_internal_fixed,0.0009765625,-0.0009765625,0.13238951237437732,0.009114100348863985,0.053899178392426556,2
stage_a_uci_v2,sar_complete,optimizer,4,ba,43,uci_internal_fixed,0.150390625,-0.150390625,-0.3557820051684176,-0.20936547198232136,-0.08754521835349739,2
stage_a_uci_v2,sar_complete,optimizer_aux,0,ab,17,uci_internal_fixed,-0.0087890625,0.0087890625,0.11000764872831631,0.024171623477688017,0.03932112635531075,2
stage_a_uci_v2,sar_complete,optimizer_aux,0,ab,29,uci_internal_fixed,0.0009765625,-0.0009765625,0.13218827886179113,0.009058892999898543,0.053895988156813256,2
stage_a_uci_v2,sar_complete,optimizer_aux,0,ab,43,uci_internal_fixed,0.150390625,-0.150390625,-0.35675919995882444,-0.20967880731834287,-0.08749298282646971,2
stage_a_uci_v2,sar_complete,optimizer_aux,0,ba,17,uci_internal_fixed,-0.0087890625,0.0087890625,0.1100083876350553,0.02417193021868217,0.03932052399976245,2
stage_a_uci_v2,sar_complete,optimizer_aux,0,ba,29,uci_internal_fixed,0.0009765625,-0.0009765625,0.13218816507491318,0.009058807590117393,0.0538959732867773,2
stage_a_uci_v2,sar_complete,optimizer_aux,0,ba,43,uci_internal_fixed,0.150390625,-0.150390625,-0.35675749028219456,-0.20967861688299314,-0.0874946244418825,2
stage_a_uci_v2,sar_complete,optimizer_aux,4,ab,17,uci_internal_fixed,-0.0087890625,0.0087890625,0.11000910014154106,0.02417226051021297,0.0393199679055308,2
stage_a_uci_v2,sar_complete,optimizer_aux,4,ab,29,uci_internal_fixed,0.0009765625,-0.0009765625,0.1321881443071896,0.009058788359464392,0.05389602291180816,2
stage_a_uci_v2,sar_complete,optimizer_aux,4,ab,43,uci_internal_fixed,0.150390625,-0.150390625,-0.3567574366875513,-0.20967861093763232,-0.08749467591672275,2
stage_a_uci_v2,sar_complete,optimizer_aux,4,ba,17,uci_internal_fixed,-0.0087890625,0.0087890625,0.11000910014154106,0.02417226051021297,0.0393199679055308,2
stage_a_uci_v2,sar_complete,optimizer_aux,4,ba,29,uci_internal_fixed,0.0009765625,-0.0009765625,0.1321881443071896,0.009058788359464392,0.05389602291180816,2
stage_a_uci_v2,sar_complete,optimizer_aux,4,ba,43,uci_internal_fixed,0.150390625,-0.150390625,-0.3567574366875513,-0.20967861093763232,-0.08749467591672275,2
stage_a_uci_v2,sar_complete,parameters,0,ab,17,uci_internal_fixed,-0.009765625,0.009765625,0.11050171931683081,0.024315112186565013,0.04027039127716849,2
stage_a_uci_v2,sar_complete,parameters,0,ab,29,uci_internal_fixed,0.0009765625,-0.0009765625,0.13138482584944397,0.008941512380106686,0.05381200245555466,2
stage_a_uci_v2,sar_complete,parameters,0,ab,43,uci_internal_fixed,0.150390625,-0.150390625,-0.3558609870511848,-0.2093845199123315,-0.08755010960179695,2
stage_a_uci_v2,sar_complete,parameters,0,ba,17,uci_internal_fixed,-0.009765625,0.009765625,0.11034356869642203,0.02427451188669427,0.04027307213982169,2
stage_a_uci_v2,sar_complete,parameters,0,ba,29,uci_internal_fixed,0.0009765625,-0.0009765625,0.13138976946405165,0.008942547898578795,0.053811573166721555,2
stage_a_uci_v2,sar_complete,parameters,0,ba,43,uci_internal_fixed,0.150390625,-0.150390625,-0.3558609870511848,-0.2093845199123315,-0.08755010960179695,2
stage_a_uci_v2,sar_complete,parameters,4,ab,17,uci_internal_fixed,-0.009765625,0.009765625,0.11007324745511979,0.02420517964397291,0.04028293045015599,2
stage_a_uci_v2,sar_complete,parameters,4,ab,29,uci_internal_fixed,0.0009765625,-0.0009765625,0.13238951237437732,0.009114100348863985,0.053899178392426556,2
stage_a_uci_v2,sar_complete,parameters,4,ab,43,uci_internal_fixed,0.150390625,-0.150390625,-0.3557820051684176,-0.20936547198232136,-0.08754521835349739,2
stage_a_uci_v2,sar_complete,parameters,4,ba,17,uci_internal_fixed,-0.0087890625,0.0087890625,0.11016086760844615,0.0242200228112132,0.039312398151864145,2
stage_a_uci_v2,sar_complete,parameters,4,ba,29,uci_internal_fixed,0.0009765625,-0.0009765625,0.13238951237437732,0.009114100348863985,0.053899178392426556,2
stage_a_uci_v2,sar_complete,parameters,4,ba,43,uci_internal_fixed,0.150390625,-0.150390625,-0.3557820051684176,-0.20936547198232136,-0.08754521835349739,2
stage_a_uci_v2,sar_complete,parameters_aux,0,ab,17,uci_internal_fixed,-0.0087890625,0.0087890625,0.11000910014154106,0.02417226051021297,0.0393199679055308,2
stage_a_uci_v2,sar_complete,parameters_aux,0,ab,29,uci_internal_fixed,0.0009765625,-0.0009765625,0.1321881443071896,0.009058788359464392,0.05389602291180816,2
stage_a_uci_v2,sar_complete,parameters_aux,0,ab,43,uci_internal_fixed,0.150390625,-0.150390625,-0.3567574366875513,-0.20967861093763232,-0.08749467591672275,2
stage_a_uci_v2,sar_complete,parameters_aux,0,ba,17,uci_internal_fixed,-0.0087890625,0.0087890625,0.11000910014154106,0.02417226051021297,0.0393199679055308,2
stage_a_uci_v2,sar_complete,parameters_aux,0,ba,29,uci_internal_fixed,0.0009765625,-0.0009765625,0.1321881443071896,0.009058788359464392,0.05389602291180816,2
stage_a_uci_v2,sar_complete,parameters_aux,0,ba,43,uci_internal_fixed,0.150390625,-0.150390625,-0.3567574366875513,-0.20967861093763232,-0.08749467591672275,2
stage_a_uci_v2,sar_complete,parameters_aux,4,ab,17,uci_internal_fixed,-0.0087890625,0.0087890625,0.11000910014154106,0.02417226051021297,0.0393199679055308,2
stage_a_uci_v2,sar_complete,parameters_aux,4,ab,29,uci_internal_fixed,0.0009765625,-0.0009765625,0.1321881443071896,0.009058788359464392,0.05389602291180816,2
stage_a_uci_v2,sar_complete,parameters_aux,4,ab,43,uci_internal_fixed,0.150390625,-0.150390625,-0.3567574366875513,-0.20967861093763232,-0.08749467591672275,2
stage_a_uci_v2,sar_complete,parameters_aux,4,ba,17,uci_internal_fixed,-0.0087890625,0.0087890625,0.11000910014154106,0.02417226051021297,0.0393199679055308,2
stage_a_uci_v2,sar_complete,parameters_aux,4,ba,29,uci_internal_fixed,0.0009765625,-0.0009765625,0.1321881443071896,0.009058788359464392,0.05389602291180816,2
stage_a_uci_v2,sar_complete,parameters_aux,4,ba,43,uci_internal_fixed,0.150390625,-0.150390625,-0.3567574366875513,-0.20967861093763232,-0.08749467591672275,2
stage_a_uci_v2,sar_complete,parameters_optimizer,0,ab,17,uci_internal_fixed,-0.009765625,0.009765625,0.11050172882011997,0.024315112223964312,0.04027038179270825,2
stage_a_uci_v2,sar_complete,parameters_optimizer,0,ab,29,uci_internal_fixed,0.0009765625,-0.0009765625,0.13138482584944397,0.008941512380106686,0.05381200245555466,2
stage_a_uci_v2,sar_complete,parameters_optimizer,0,ab,43,uci_internal_fixed,0.150390625,-0.150390625,-0.3558609870511848,-0.2093845199123315,-0.08755010960179695,2
stage_a_uci_v2,sar_complete,parameters_optimizer,0,ba,17,uci_internal_fixed,-0.009765625,0.009765625,0.11034363751782608,0.02427454756583987,0.04027303362732679,2
stage_a_uci_v2,sar_complete,parameters_optimizer,0,ba,29,uci_internal_fixed,0.0009765625,-0.0009765625,0.13138976946405165,0.008942547898578795,0.053811573166721555,2
stage_a_uci_v2,sar_complete,parameters_optimizer,0,ba,43,uci_internal_fixed,0.150390625,-0.150390625,-0.3558609870511848,-0.2093845199123315,-0.08755010960179695,2
stage_a_uci_v2,sar_complete,parameters_optimizer,4,ab,17,uci_internal_fixed,-0.009765625,0.009765625,0.11007324745511979,0.02420517964397291,0.04028293045015599,2
stage_a_uci_v2,sar_complete,parameters_optimizer,4,ab,29,uci_internal_fixed,0.0009765625,-0.0009765625,0.13238951237437732,0.009114100348863985,0.053899178392426556,2
stage_a_uci_v2,sar_complete,parameters_optimizer,4,ab,43,uci_internal_fixed,0.150390625,-0.150390625,-0.3557820051684176,-0.20936547198232136,-0.08754521835349739,2
stage_a_uci_v2,sar_complete,parameters_optimizer,4,ba,17,uci_internal_fixed,-0.0087890625,0.0087890625,0.11016086760844615,0.0242200228112132,0.039312398151864145,2
stage_a_uci_v2,sar_complete,parameters_optimizer,4,ba,29,uci_internal_fixed,0.0009765625,-0.0009765625,0.13238951237437732,0.009114100348863985,0.053899178392426556,2
stage_a_uci_v2,sar_complete,parameters_optimizer,4,ba,43,uci_internal_fixed,0.150390625,-0.150390625,-0.3557820051684176,-0.20936547198232136,-0.08754521835349739,2
stage_a_uci_v2,sar_complete,parameters_optimizer_aux,0,ab,17,uci_internal_fixed,-0.0087890625,0.0087890625,0.11000910014154106,0.02417226051021297,0.0393199679055308,2
stage_a_uci_v2,sar_complete,parameters_optimizer_aux,0,ab,29,uci_internal_fixed,0.0009765625,-0.0009765625,0.1321881443071896,0.009058788359464392,0.05389602291180816,2
stage_a_uci_v2,sar_complete,parameters_optimizer_aux,0,ab,43,uci_internal_fixed,0.150390625,-0.150390625,-0.3567574366875513,-0.20967861093763232,-0.08749467591672275,2
stage_a_uci_v2,sar_complete,parameters_optimizer_aux,0,ba,17,uci_internal_fixed,-0.0087890625,0.0087890625,0.11000910014154106,0.02417226051021297,0.0393199679055308,2
stage_a_uci_v2,sar_complete,parameters_optimizer_aux,0,ba,29,uci_internal_fixed,0.0009765625,-0.0009765625,0.1321881443071896,0.009058788359464392,0.05389602291180816,2
stage_a_uci_v2,sar_complete,parameters_optimizer_aux,0,ba,43,uci_internal_fixed,0.150390625,-0.150390625,-0.3567574366875513,-0.20967861093763232,-0.08749467591672275,2
stage_a_uci_v2,sar_complete,parameters_optimizer_aux,4,ab,17,uci_internal_fixed,-0.0087890625,0.0087890625,0.11000910014154106,0.02417226051021297,0.0393199679055308,2
stage_a_uci_v2,sar_complete,parameters_optimizer_aux,4,ab,29,uci_internal_fixed,0.0009765625,-0.0009765625,0.1321881443071896,0.009058788359464392,0.05389602291180816,2
stage_a_uci_v2,sar_complete,parameters_optimizer_aux,4,ab,43,uci_internal_fixed,0.150390625,-0.150390625,-0.3567574366875513,-0.20967861093763232,-0.08749467591672275,2
stage_a_uci_v2,sar_complete,parameters_optimizer_aux,4,ba,17,uci_internal_fixed,-0.0087890625,0.0087890625,0.11000910014154106,0.02417226051021297,0.0393199679055308,2
stage_a_uci_v2,sar_complete,parameters_optimizer_aux,4,ba,29,uci_internal_fixed,0.0009765625,-0.0009765625,0.1321881443071896,0.009058788359464392,0.05389602291180816,2
stage_a_uci_v2,sar_complete,parameters_optimizer_aux,4,ba,43,uci_internal_fixed,0.150390625,-0.150390625,-0.3567574366875513,-0.20967861093763232,-0.08749467591672275,2
stage_a_uci_v2,tent,all,0,ab,17,uci_internal_fixed,-0.0087890625,0.0087890625,0.11011851766535391,0.024195599301651945,0.03933688392256045,2
stage_a_uci_v2,tent,all,0,ab,29,uci_internal_fixed,0.0009765625,-0.0009765625,0.13332002148119498,0.009314290690558046,0.0539343619786498,2
stage_a_uci_v2,tent,all,0,ab,43,uci_internal_fixed,0.150390625,-0.150390625,-0.3566379789094929,-0.20964568910799095,-0.08749710483920495,2
stage_a_uci_v2,tent,all,0,ba,17,uci_internal_fixed,-0.0087890625,0.0087890625,0.11011851766535391,0.024195599301651945,0.03933688392256045,2
stage_a_uci_v2,tent,all,0,ba,29,uci_internal_fixed,0.0009765625,-0.0009765625,0.13332002148119498,0.009314290690558046,0.0539343619786498,2
stage_a_uci_v2,tent,all,0,ba,43,uci_internal_fixed,0.150390625,-0.150390625,-0.3566379789094929,-0.20964568910799095,-0.08749710483920495,2
stage_a_uci_v2,tent,all,4,ab,17,uci_internal_fixed,-0.0087890625,0.0087890625,0.11011851766535391,0.024195599301651945,0.03933688392256045,2
stage_a_uci_v2,tent,all,4,ab,29,uci_internal_fixed,0.0009765625,-0.0009765625,0.13332002148119498,0.009314290690558046,0.0539343619786498,2
stage_a_uci_v2,tent,all,4,ab,43,uci_internal_fixed,0.150390625,-0.150390625,-0.3566379789094929,-0.20964568910799095,-0.08749710483920495,2
stage_a_uci_v2,tent,all,4,ba,17,uci_internal_fixed,-0.0087890625,0.0087890625,0.11011851766535391,0.024195599301651945,0.03933688392256045,2
stage_a_uci_v2,tent,all,4,ba,29,uci_internal_fixed,0.0009765625,-0.0009765625,0.13332002148119498,0.009314290690558046,0.0539343619786498,2
stage_a_uci_v2,tent,all,4,ba,43,uci_internal_fixed,0.150390625,-0.150390625,-0.3566379789094929,-0.20964568910799095,-0.08749710483920495,2
stage_a_uci_v2,tent,aux,0,ab,17,uci_internal_fixed,-0.0078125,0.0078125,0.10963812979424517,0.024034296440376454,0.03893119337986095,2
stage_a_uci_v2,tent,aux,0,ab,29,uci_internal_fixed,0.0009765625,-0.0009765625,0.13278065245795223,0.009173433308529141,0.05461920298362195,2
stage_a_uci_v2,tent,aux,0,ab,43,uci_internal_fixed,0.150390625,-0.150390625,-0.3562632699013895,-0.20956514753342007,-0.08673605992602551,2
stage_a_uci_v2,tent,aux,0,ba,17,uci_internal_fixed,-0.0087890625,0.0087890625,0.10966107953420932,0.02404823553167357,0.039408407181286,2
stage_a_uci_v2,tent,aux,0,ba,29,uci_internal_fixed,0.0009765625,-0.0009765625,0.13276285277097108,0.00917606653657099,0.05461441966869815,2
stage_a_uci_v2,tent,aux,0,ba,43,uci_internal_fixed,0.150390625,-0.150390625,-0.3563469031165934,-0.20958842609887507,-0.08675471715349489,2
stage_a_uci_v2,tent,aux,4,ab,17,uci_internal_fixed,-0.0068359375,0.0068359375,0.10941946227901544,0.023954036815489507,0.039786304812415456,2
stage_a_uci_v2,tent,aux,4,ab,29,uci_internal_fixed,0.0009765625,-0.0009765625,0.13532460269056726,0.009714636399896849,0.053267362092632095,2
stage_a_uci_v2,tent,aux,4,ab,43,uci_internal_fixed,0.150390625,-0.150390625,-0.3571350442044503,-0.2098626480583646,-0.08668902243018345,2
stage_a_uci_v2,tent,aux,4,ba,17,uci_internal_fixed,-0.0068359375,0.0068359375,0.109436423464323,0.0239635933348913,0.03978048211310755,2
stage_a_uci_v2,tent,aux,4,ba,29,uci_internal_fixed,0.0009765625,-0.0009765625,0.13531007729927363,0.009715298774736054,0.05326020549375861,2
stage_a_uci_v2,tent,aux,4,ba,43,uci_internal_fixed,0.150390625,-0.150390625,-0.3571893378981537,-0.20987763089500977,-0.08670127602471125,2
stage_a_uci_v2,tent,none,0,ab,17,uci_internal_fixed,-0.0078125,0.0078125,0.10963812979424517,0.024034296440376454,0.03893119337986095,2
stage_a_uci_v2,tent,none,0,ab,29,uci_internal_fixed,0.0009765625,-0.0009765625,0.13278065245795223,0.009173433308529141,0.05461920298362195,2
stage_a_uci_v2,tent,none,0,ab,43,uci_internal_fixed,0.150390625,-0.150390625,-0.3562632699013895,-0.20956514753342007,-0.08673605992602551,2
stage_a_uci_v2,tent,none,0,ba,17,uci_internal_fixed,-0.0087890625,0.0087890625,0.10966107953420932,0.02404823553167357,0.039408407181286,2
stage_a_uci_v2,tent,none,0,ba,29,uci_internal_fixed,0.0009765625,-0.0009765625,0.13276285277097108,0.00917606653657099,0.05461441966869815,2
stage_a_uci_v2,tent,none,0,ba,43,uci_internal_fixed,0.150390625,-0.150390625,-0.3563469031165934,-0.20958842609887507,-0.08675471715349489,2
stage_a_uci_v2,tent,none,4,ab,17,uci_internal_fixed,-0.0068359375,0.0068359375,0.10941946227901544,0.023954036815489507,0.039786304812415456,2
stage_a_uci_v2,tent,none,4,ab,29,uci_internal_fixed,0.0009765625,-0.0009765625,0.13532460269056726,0.009714636399896849,0.053267362092632095,2
stage_a_uci_v2,tent,none,4,ab,43,uci_internal_fixed,0.150390625,-0.150390625,-0.3571350442044503,-0.2098626480583646,-0.08668902243018345,2
stage_a_uci_v2,tent,none,4,ba,17,uci_internal_fixed,-0.0068359375,0.0068359375,0.109436423464323,0.0239635933348913,0.03978048211310755,2
stage_a_uci_v2,tent,none,4,ba,29,uci_internal_fixed,0.0009765625,-0.0009765625,0.13531007729927363,0.009715298774736054,0.05326020549375861,2
stage_a_uci_v2,tent,none,4,ba,43,uci_internal_fixed,0.150390625,-0.150390625,-0.3571893378981537,-0.20987763089500977,-0.08670127602471125,2
stage_a_uci_v2,tent,optimizer,0,ab,17,uci_internal_fixed,-0.0078125,0.0078125,0.10971285162670061,0.02405497621822625,0.0389184445788009,2
stage_a_uci_v2,tent,optimizer,0,ab,29,uci_internal_fixed,0.0009765625,-0.0009765625,0.133050107189378,0.009229579388680902,0.05461473839817341,2
stage_a_uci_v2,tent,optimizer,0,ab,43,uci_internal_fixed,0.150390625,-0.150390625,-0.3563373029829046,-0.20958177562182567,-0.087407175368801,2
stage_a_uci_v2,tent,optimizer,0,ba,17,uci_internal_fixed,-0.0087890625,0.0087890625,0.1097524199116374,0.024082719461090966,0.03938233435398375,2
stage_a_uci_v2,tent,optimizer,0,ba,29,uci_internal_fixed,0.0009765625,-0.0009765625,0.1330143540545594,0.00923324044510455,0.05395591533605255,2
stage_a_uci_v2,tent,optimizer,0,ba,43,uci_internal_fixed,0.150390625,-0.150390625,-0.3565296796915818,-0.20962695631011477,-0.08679297735071224,2
stage_a_uci_v2,tent,optimizer,4,ab,17,uci_internal_fixed,-0.0068359375,0.0068359375,0.10955955155467736,0.024005604345219304,0.03976356489960994,2
stage_a_uci_v2,tent,optimizer,4,ab,29,uci_internal_fixed,0.0009765625,-0.0009765625,0.13361947313746672,0.009350630548479049,0.053348268505332,2
stage_a_uci_v2,tent,optimizer,4,ab,43,uci_internal_fixed,0.150390625,-0.150390625,-0.3566473569279942,-0.20968978471940122,-0.08737872873511425,2
stage_a_uci_v2,tent,optimizer,4,ba,17,uci_internal_fixed,-0.0068359375,0.0068359375,0.1095853358924318,0.024023610152473562,0.039752035297205994,2
stage_a_uci_v2,tent,optimizer,4,ba,29,uci_internal_fixed,0.0009765625,-0.0009765625,0.13359549629700207,0.009352634846969955,0.05334384112894976,2
stage_a_uci_v2,tent,optimizer,4,ba,43,uci_internal_fixed,0.150390625,-0.150390625,-0.35677440522672144,-0.20971969724200962,-0.0867513785770405,2
stage_a_uci_v2,tent,optimizer_aux,0,ab,17,uci_internal_fixed,-0.0078125,0.0078125,0.10971285162670061,0.02405497621822625,0.0389184445788009,2
stage_a_uci_v2,tent,optimizer_aux,0,ab,29,uci_internal_fixed,0.0009765625,-0.0009765625,0.133050107189378,0.009229579388680902,0.05461473839817341,2
stage_a_uci_v2,tent,optimizer_aux,0,ab,43,uci_internal_fixed,0.150390625,-0.150390625,-0.3563373029829046,-0.20958177562182567,-0.087407175368801,2
stage_a_uci_v2,tent,optimizer_aux,0,ba,17,uci_internal_fixed,-0.0087890625,0.0087890625,0.1097524199116374,0.024082719461090966,0.03938233435398375,2
stage_a_uci_v2,tent,optimizer_aux,0,ba,29,uci_internal_fixed,0.0009765625,-0.0009765625,0.1330143540545594,0.00923324044510455,0.05395591533605255,2
stage_a_uci_v2,tent,optimizer_aux,0,ba,43,uci_internal_fixed,0.150390625,-0.150390625,-0.3565296796915818,-0.20962695631011477,-0.08679297735071224,2
stage_a_uci_v2,tent,optimizer_aux,4,ab,17,uci_internal_fixed,-0.0068359375,0.0068359375,0.10955955155467736,0.024005604345219304,0.03976356489960994,2
stage_a_uci_v2,tent,optimizer_aux,4,ab,29,uci_internal_fixed,0.0009765625,-0.0009765625,0.13361947313746672,0.009350630548479049,0.053348268505332,2
stage_a_uci_v2,tent,optimizer_aux,4,ab,43,uci_internal_fixed,0.150390625,-0.150390625,-0.3566473569279942,-0.20968978471940122,-0.08737872873511425,2
stage_a_uci_v2,tent,optimizer_aux,4,ba,17,uci_internal_fixed,-0.0068359375,0.0068359375,0.1095853358924318,0.024023610152473562,0.039752035297205994,2
stage_a_uci_v2,tent,optimizer_aux,4,ba,29,uci_internal_fixed,0.0009765625,-0.0009765625,0.13359549629700207,0.009352634846969955,0.05334384112894976,2
stage_a_uci_v2,tent,optimizer_aux,4,ba,43,uci_internal_fixed,0.150390625,-0.150390625,-0.35677440522672144,-0.20971969724200962,-0.0867513785770405,2
stage_a_uci_v2,tent,parameters,0,ab,17,uci_internal_fixed,-0.0087890625,0.0087890625,0.11004481684954648,0.0241749000176671,0.03935124365705374,2
stage_a_uci_v2,tent,parameters,0,ab,29,uci_internal_fixed,0.0009765625,-0.0009765625,0.1330483476316695,0.009257203473414936,0.05393893295302136,2
stage_a_uci_v2,tent,parameters,0,ab,43,uci_internal_fixed,0.150390625,-0.150390625,-0.35656493073542883,-0.20962946186169856,-0.08747769940143925,2
stage_a_uci_v2,tent,parameters,0,ba,17,uci_internal_fixed,-0.0087890625,0.0087890625,0.11003133191145656,0.024161957819863564,0.0393633684539043,2
stage_a_uci_v2,tent,parameters,0,ba,29,uci_internal_fixed,0.0009765625,-0.0009765625,0.13306429150336646,0.009255796890584603,0.05394195245319745,2
stage_a_uci_v2,tent,parameters,0,ba,43,uci_internal_fixed,0.150390625,-0.150390625,-0.3564575450686798,-0.20960807633530676,-0.08745974229075903,2
stage_a_uci_v2,tent,parameters,4,ab,17,uci_internal_fixed,-0.0087890625,0.0087890625,0.10997784087058576,0.024143554129300467,0.03937182698247074,2
stage_a_uci_v2,tent,parameters,4,ab,29,uci_internal_fixed,0.0009765625,-0.0009765625,0.13502080791997087,0.009676852225050507,0.0540217372274317,2
stage_a_uci_v2,tent,parameters,4,ab,43,uci_internal_fixed,0.150390625,-0.150390625,-0.35712919291557194,-0.20981992955692796,-0.0874579991100925,2
stage_a_uci_v2,tent,parameters,4,ba,17,uci_internal_fixed,-0.0087890625,0.0087890625,0.10996979068066136,0.024135201959160472,0.03937982649810459,2
stage_a_uci_v2,tent,parameters,4,ba,29,uci_internal_fixed,0.0009765625,-0.0009765625,0.1350282407058995,0.009674854147694707,0.05350283206756434,2
stage_a_uci_v2,tent,parameters,4,ba,43,uci_internal_fixed,0.150390625,-0.150390625,-0.3570574618202251,-0.20980543847231722,-0.0874461701677273,2
stage_a_uci_v2,tent,parameters_aux,0,ab,17,uci_internal_fixed,-0.0087890625,0.0087890625,0.11004481684954648,0.0241749000176671,0.03935124365705374,2
stage_a_uci_v2,tent,parameters_aux,0,ab,29,uci_internal_fixed,0.0009765625,-0.0009765625,0.1330483476316695,0.009257203473414936,0.05393893295302136,2
stage_a_uci_v2,tent,parameters_aux,0,ab,43,uci_internal_fixed,0.150390625,-0.150390625,-0.35656493073542883,-0.20962946186169856,-0.08747769940143925,2
stage_a_uci_v2,tent,parameters_aux,0,ba,17,uci_internal_fixed,-0.0087890625,0.0087890625,0.11003133191145656,0.024161957819863564,0.0393633684539043,2
stage_a_uci_v2,tent,parameters_aux,0,ba,29,uci_internal_fixed,0.0009765625,-0.0009765625,0.13306429150336646,0.009255796890584603,0.05394195245319745,2
stage_a_uci_v2,tent,parameters_aux,0,ba,43,uci_internal_fixed,0.150390625,-0.150390625,-0.3564575450686798,-0.20960807633530676,-0.08745974229075903,2
stage_a_uci_v2,tent,parameters_aux,4,ab,17,uci_internal_fixed,-0.0087890625,0.0087890625,0.10997784087058576,0.024143554129300467,0.03937182698247074,2
stage_a_uci_v2,tent,parameters_aux,4,ab,29,uci_internal_fixed,0.0009765625,-0.0009765625,0.13502080791997087,0.009676852225050507,0.0540217372274317,2
stage_a_uci_v2,tent,parameters_aux,4,ab,43,uci_internal_fixed,0.150390625,-0.150390625,-0.35712919291557194,-0.20981992955692796,-0.0874579991100925,2
stage_a_uci_v2,tent,parameters_aux,4,ba,17,uci_internal_fixed,-0.0087890625,0.0087890625,0.10996979068066136,0.024135201959160472,0.03937982649810459,2
stage_a_uci_v2,tent,parameters_aux,4,ba,29,uci_internal_fixed,0.0009765625,-0.0009765625,0.1350282407058995,0.009674854147694707,0.05350283206756434,2
stage_a_uci_v2,tent,parameters_aux,4,ba,43,uci_internal_fixed,0.150390625,-0.150390625,-0.3570574618202251,-0.20980543847231722,-0.0874461701677273,2
stage_a_uci_v2,tent,parameters_optimizer,0,ab,17,uci_internal_fixed,-0.0087890625,0.0087890625,0.11011851766535391,0.024195599301651945,0.03933688392256045,2
stage_a_uci_v2,tent,parameters_optimizer,0,ab,29,uci_internal_fixed,0.0009765625,-0.0009765625,0.13332002148119498,0.009314290690558046,0.0539343619786498,2
stage_a_uci_v2,tent,parameters_optimizer,0,ab,43,uci_internal_fixed,0.150390625,-0.150390625,-0.3566379789094929,-0.20964568910799095,-0.08749710483920495,2
stage_a_uci_v2,tent,parameters_optimizer,0,ba,17,uci_internal_fixed,-0.0087890625,0.0087890625,0.11011851766535391,0.024195599301651945,0.03933688392256045,2
stage_a_uci_v2,tent,parameters_optimizer,0,ba,29,uci_internal_fixed,0.0009765625,-0.0009765625,0.13332002148119498,0.009314290690558046,0.0539343619786498,2
stage_a_uci_v2,tent,parameters_optimizer,0,ba,43,uci_internal_fixed,0.150390625,-0.150390625,-0.3566379789094929,-0.20964568910799095,-0.08749710483920495,2
stage_a_uci_v2,tent,parameters_optimizer,4,ab,17,uci_internal_fixed,-0.0087890625,0.0087890625,0.11011851766535391,0.024195599301651945,0.03933688392256045,2
stage_a_uci_v2,tent,parameters_optimizer,4,ab,29,uci_internal_fixed,0.0009765625,-0.0009765625,0.13332002148119498,0.009314290690558046,0.0539343619786498,2
stage_a_uci_v2,tent,parameters_optimizer,4,ab,43,uci_internal_fixed,0.150390625,-0.150390625,-0.3566379789094929,-0.20964568910799095,-0.08749710483920495,2
stage_a_uci_v2,tent,parameters_optimizer,4,ba,17,uci_internal_fixed,-0.0087890625,0.0087890625,0.11011851766535391,0.024195599301651945,0.03933688392256045,2
stage_a_uci_v2,tent,parameters_optimizer,4,ba,29,uci_internal_fixed,0.0009765625,-0.0009765625,0.13332002148119498,0.009314290690558046,0.0539343619786498,2
stage_a_uci_v2,tent,parameters_optimizer,4,ba,43,uci_internal_fixed,0.150390625,-0.150390625,-0.3566379789094929,-0.20964568910799095,-0.08749710483920495,2
stage_a_uci_v2,tent,parameters_optimizer_aux,0,ab,17,uci_internal_fixed,-0.0087890625,0.0087890625,0.11011851766535391,0.024195599301651945,0.03933688392256045,2
stage_a_uci_v2,tent,parameters_optimizer_aux,0,ab,29,uci_internal_fixed,0.0009765625,-0.0009765625,0.13332002148119498,0.009314290690558046,0.0539343619786498,2
stage_a_uci_v2,tent,parameters_optimizer_aux,0,ab,43,uci_internal_fixed,0.150390625,-0.150390625,-0.3566379789094929,-0.20964568910799095,-0.08749710483920495,2
stage_a_uci_v2,tent,parameters_optimizer_aux,0,ba,17,uci_internal_fixed,-0.0087890625,0.0087890625,0.11011851766535391,0.024195599301651945,0.03933688392256045,2
stage_a_uci_v2,tent,parameters_optimizer_aux,0,ba,29,uci_internal_fixed,0.0009765625,-0.0009765625,0.13332002148119498,0.009314290690558046,0.0539343619786498,2
stage_a_uci_v2,tent,parameters_optimizer_aux,0,ba,43,uci_internal_fixed,0.150390625,-0.150390625,-0.3566379789094929,-0.20964568910799095,-0.08749710483920495,2
stage_a_uci_v2,tent,parameters_optimizer_aux,4,ab,17,uci_internal_fixed,-0.0087890625,0.0087890625,0.11011851766535391,0.024195599301651945,0.03933688392256045,2
stage_a_uci_v2,tent,parameters_optimizer_aux,4,ab,29,uci_internal_fixed,0.0009765625,-0.0009765625,0.13332002148119498,0.009314290690558046,0.0539343619786498,2
stage_a_uci_v2,tent,parameters_optimizer_aux,4,ab,43,uci_internal_fixed,0.150390625,-0.150390625,-0.3566379789094929,-0.20964568910799095,-0.08749710483920495,2
stage_a_uci_v2,tent,parameters_optimizer_aux,4,ba,17,uci_internal_fixed,-0.0087890625,0.0087890625,0.11011851766535391,0.024195599301651945,0.03933688392256045,2
stage_a_uci_v2,tent,parameters_optimizer_aux,4,ba,29,uci_internal_fixed,0.0009765625,-0.0009765625,0.13332002148119498,0.009314290690558046,0.0539343619786498,2
stage_a_uci_v2,tent,parameters_optimizer_aux,4,ba,43,uci_internal_fixed,0.150390625,-0.150390625,-0.3566379789094929,-0.20964568910799095,-0.08749710483920495,2
